doc_id,recorded_date,instrument_date,borrower_owner_name,lender_name,loan_amount,property_address,city,zip,lat,lng,zone_id,doc_url
288414897,10/16/2025,01/06/2026,ELWOOD MCKINLEY,BANK OF AMERICA,87500.00,"711 S BROWNLEAF ST, SAN ANTONIO, TX 78227",SAN ANTONIO,78227,29.428088012522,-98.617207538982,Zone A,https://bexar.tx.publicsearch.us/doc/288414897
288414898,10/16/2025,01/06/2026,ALFRED PETE SANTOS,BANKUNITED N.A. whose addr Services LLC 1600 South Douglass Road Suite 2 current mortgagee of the Deed of Trust and Note a LLC,117402.00,"8902 LAGUNA FALLS, SAN ANTONIO, TX 78251",SAN ANTONIO,78251,29.478175926256,-98.660325261005,Zone B,https://bexar.tx.publicsearch.us/doc/288414898
288414902,10/16/2025,01/06/2026,Lakesha Samuels unmarried woman,Michael H. Patterson as Trustee Mortgage Ele beneficiary Equity Prime Mortgage LLC,3850,"9802 COPPERWAY, CONVERSE, TX 78109",CONVERSE,78109,29.504094495141,-98.291857199906,Zone C,https://bexar.tx.publicsearch.us/doc/288414902
288489082,10/23/2025,01/06/2026,,,,"12443 ALSTROEMERIA, SAN ANTONIO, TX 78253",SAN ANTONIO,12443,29.48525908026,-98.739933247479,Zone B,https://bexar.tx.publicsearch.us/doc/288489082
288493503,10/23/2025,01/06/2026,Kathleen M. Gilliland,beneficiary New Horizon Mortgage Inc.,71354,"2422 SPICEWOOD DR, SAN ANTONIO, TX 78213",SAN ANTONIO,78213,29.510631665086,-98.531780755867,Zone D,https://bexar.tx.publicsearch.us/doc/288493503
288493527,10/23/2025,01/06/2026,Arturo G. Garcia,Trust is Recorded on 1/29/2021 as Volume 20210026154,125500.00,"2402 VALENCIA, SAN ANTONIO, TX 78237",SAN ANTONIO,78237,29.403919573812,-98.569956539281,Zone D,https://bexar.tx.publicsearch.us/doc/288493527
288579468,10/30/2025,01/06/2026,Carlos New,THE BANK OF NEW YORK MELLON AS TRUSTEE FOR THE CWMB LOAN REMIC TRUST CERTIFICATES SERIES 2003-R4,56992.00,"4330 ROARK DR, SAN ANTONIO, TX 78219",SAN ANTONIO,78219,29.425284235527,-98.410952533576,Zone D,https://bexar.tx.publicsearch.us/doc/288579468
289414408,11/6/2025,01/06/2026,BILL J. MARTINEZ,REGIONS MORTGAGE Mortgagee: REGIONS BANK DBA REGIONS MORTGAGE,See Referenced Deed,"10822 EDGECREST DR, SAN ANTONIO, TX 78217",SAN ANTONIO,10822,29.54072138885,-98.42908233996,Zone E,https://bexar.tx.publicsearch.us/doc/289414408
289414422,11/6/2025,01/06/2026,,Selene Finance LP,163975.00,"10342 OAKWOOD CREST, SAN ANTONIO, TX 78245",SAN ANTONIO,10342,29.421589971471,-98.695116638186,Zone F,https://bexar.tx.publicsearch.us/doc/289414422
289412175,11/6/2025,01/06/2026,MUNAWAR MUMTAZ,. A servicing agreement between the mort: address,347200.00,"10514 FAR REACHES LN, HELOTES, TX 78023",HELOTES,10514,29.589250377899,-98.699645868767,Zone Y,https://bexar.tx.publicsearch.us/doc/289412175
289414423,11/6/2025,01/06/2026,Juan Anthony Regalado Jr.,Registration Systems Inc.,315528.00,"13911 ANCHOR WAY, SAN ANTONIO, TX 78245",SAN ANTONIO,13911,,,,https://bexar.tx.publicsearch.us/doc/289414423
289456920,11/10/2025,01/06/2026,MASON JENKINS AND AMBER | COUPLE,Lakeview Loan Servicir,244343.00,"11354 FIRE CYN, SAN ANTONIO, TX 78252",SAN ANTONIO,11354,29.373917782808,-98.715783412049,Zone G,https://bexar.tx.publicsearch.us/doc/289456920
289457564,11/10/2025,01/06/2026,,New American Funding LL.C,135000.00,"122 E ACKARD PL, SAN ANTONIO, TX 78221",SAN ANTONIO,78221,29.343766937798,-98.499747169032,Zone D,https://bexar.tx.publicsearch.us/doc/289457564
289495637,11/13/2025,01/06/2026,,Mortgage Servicer’ K Wells Fargo Bank N.A.,2,"14507 GOLD RUSH PASS, SAN ANTONIO, TX 78254",SAN ANTONIO,14507,29.516979551093,-98.78262093664,Zone B,https://bexar.tx.publicsearch.us/doc/289495637
289495643,11/13/2025,01/06/2026,,,,"8219 RADIANT STAR, SAN ANTONIO, TX 78252",SAN ANTONIO,78252,29.350475081295,-98.636084715488,Zone H,https://bexar.tx.publicsearch.us/doc/289495643
289511306,11/14/2025,01/06/2026,,,,"302 STOREYWOOD DR, SAN ANTONIO, TX 78213",SAN ANTONIO,78213,29.502674170017,-98.532392002995,Zone D,https://bexar.tx.publicsearch.us/doc/289511306
289526802,11/17/2025,01/06/2026,,Freedom Mortgage Corporation,,"5838 CARY GRANT DR, SAN ANTONIO, TX 78240",SAN ANTONIO,78240,29.502927242287,-98.602260067264,Zone D,https://bexar.tx.publicsearch.us/doc/289526802
289526803,11/17/2025,01/06/2026,,Lennar Mortgage LLC,,"12914 CHINALI SPRINGS, SAINT HEDWIG, TX 78152",SAINT HEDWIG,12914,,,,https://bexar.tx.publicsearch.us/doc/289526803
289511308,11/14/2025,01/06/2026,,Lennar Mortgage LLC,,"12914 CHINALI SPRINGS, SAINT HEDWIG, TX 78152",SAINT HEDWIG,12914,,,,https://bexar.tx.publicsearch.us/doc/289511308
289486709,11/13/2025,01/06/2026,FRAN( UNMARRIED MAN.,The Mortgage Servicer,,"13203 MONTE RIO, SAN ANTONIO, TX 78233",SAN ANTONIO,13203,29.559426658517,-98.387245092059,Zone E,https://bexar.tx.publicsearch.us/doc/289486709
289575748,11/20/2025,01/06/2026,HENRY HUSBAND,The Mortgage Servicer,127645.00,"167 E HUTCHINS PL, SAN ANTONIO, TX 78221",SAN ANTONIO,78221,29.345865349303,-98.501593310636,Zone D,https://bexar.tx.publicsearch.us/doc/289575748
289581173,11/20/2025,01/06/2026,,Freedom Mortgage Corporation,,"4130 TROPICAL DR, SAN ANTONIO, TX 78218",SAN ANTONIO,78218,29.49228966461,-98.412135526204,Zone C,https://bexar.tx.publicsearch.us/doc/289581173
289577794,11/20/2025,01/06/2026,RYAN O. FARQUHARSON,Towd Point Mortgage Trust 2015-4 U.S. Bank National A as Indenture Trustee,150967.00,"3535 OAKHORNE ST, SAN ANTONIO, TX 78247",SAN ANTONIO,78247,29.569172213358,-98.421596928049,Zone E,https://bexar.tx.publicsearch.us/doc/289577794
289581179,11/20/2025,01/06/2026,,Broker Solutions Inc. dba New American Fundin,298526.00,"5815 HEMATITE RIM, SAN ANTONIO, TX 78222",SAN ANTONIO,78222,29.371993278465,-98.374734617063,Zone I,https://bexar.tx.publicsearch.us/doc/289581179
289581180,11/20/2025,01/06/2026,,Texas Veterans Land Board,122000.00,"10222 FOSSIL VLY, SAN ANTONIO, TX 78245",SAN ANTONIO,10222,29.395175419817,-98.691657622819,Zone F,https://bexar.tx.publicsearch.us/doc/289581180
289575746,11/20/2025,01/06/2026,DANIE],The Mortgage Servicer,,"7044 CONROE MILL, SAN ANTONIO, TX 78253",SAN ANTONIO,78253,29.503287630543,-98.732194538537,Zone B,https://bexar.tx.publicsearch.us/doc/289575746
289581465,11/20/2025,01/06/2026,,Idaho Housing and Finance Association 6823 EMERALD VALLEY SAN ANTONIO TEXAS 78242 Mortgage Servicer,232402.00,"6823 EMERALD VALLEY, SAN ANTONIO, TX 78242",SAN ANTONIO,78242,29.528595763621,-98.355338076367,Zone C,https://bexar.tx.publicsearch.us/doc/289581465
289581460,11/20/2025,01/06/2026,,U.S. Bank National Association Mortgage Servicer” Owensboro KY 423 * The mortgage servicer,116745.00,"4902 TENNYSON DR, SAN ANTONIO, TX 78217",SAN ANTONIO,78217,29.564498020412,-98.394197623968,Zone E,https://bexar.tx.publicsearch.us/doc/289581460
289581184,11/20/2025,01/06/2026,ERIK AGUIL/,Carrington Mortgage Services LLC 1600 Sou Anaheim CA 92806,176739.00,"7738 CEDAR FARM, SAN ANTONIO, TX 78239",SAN ANTONIO,78239,29.499716966821,-98.358462946861,Zone C,https://bexar.tx.publicsearch.us/doc/289581184
289577796,11/20/2025,01/06/2026,ERJIE CHEN,. A servicing agreement between the mortgagee,270000.00,"24219 GAZANIA BLF, SAN ANTONIO, TX 78260",SAN ANTONIO,24219,29.666320269153,-98.510876255177,Zone J,https://bexar.tx.publicsearch.us/doc/289577796
289653126,11/26/2025,01/06/2026,Alamo LLC.,,,"3233 NW LOOP 410, SAN ANTONIO, TX 78213",SAN ANTONIO,78213,29.399631065136,-98.650117661669,Zone F,https://bexar.tx.publicsearch.us/doc/289653126
289670109,12/1/2025,01/06/2026,E [H 10 Investments LL.C,,1101700.00,"8059 INTERSTATE 10 E, CONVERSE, TX 78109",CONVERSE,78109,29.454306899385,-98.332879974648,Zone C,https://bexar.tx.publicsearch.us/doc/289670109
289637471,11/25/2025,01/06/2026,,Mortgage Servic¢ Cenlar FSB,2.00,"5326 SAN SIMEON DR, SAN ANTONIO, TX 78228",SAN ANTONIO,78228,29.449929142901,-98.591009088655,Zone D,https://bexar.tx.publicsearch.us/doc/289637471
289637472,11/25/2025,01/06/2026,Steven V,C including but not limited to the promissory note and all modifications renewals note. Nationstar Mortgage LLC,123300,"5607 SPRING QUAIL, SAN ANTONIO, TX 78247",SAN ANTONIO,78247,29.57697218772,-98.386072869787,Zone E,https://bexar.tx.publicsearch.us/doc/289637472
289642140,11/25/2025,01/06/2026,,Freedom Mortgage Corporation,,"4644 VIA SONOMA TRL, CONVERSE, TX 78109",CONVERSE,78109,,,,https://bexar.tx.publicsearch.us/doc/289642140
289628103,11/25/2025,01/06/2026,DONALD S. FERGUSON A SINGLE,has named and appointed and by these presents does name and ap Title Services LLC located,115200.00,"10418 SHALLOW CROSSING, CONVERSE, TX 78109",CONVERSE,10418,29.532810012941,-98.329230434049,Zone C,https://bexar.tx.publicsearch.us/doc/289628103
289637475,11/25/2025,01/06/2026,,Cenlar FSB,192060.00,"1915 W SOUTHCROSS BLVD, SAN ANTONIO, TX 78211",SAN ANTONIO,78211,29.36815761315,-98.537534293182,Zone D,https://bexar.tx.publicsearch.us/doc/289637475
289637478,11/25/2025,01/06/2026,,Regions Mortgage,396625.00,"1403 BARKMORE, SAN ANTONIO, TX 78258",SAN ANTONIO,78258,29.614016199762,-98.515384074123,Zone J,https://bexar.tx.publicsearch.us/doc/289637478
289724943,12/4/2025,01/06/2026,BILLIE K. LANGE UNM Ree CHRISTOPHER MULLINS,AMERICAD,,"926 RIGSBY AVE, SAN ANTONIO, TX 78210",SAN ANTONIO,78210,29.398401684584,-98.455498744406,Zone D,https://bexar.tx.publicsearch.us/doc/289724943
289724937,12/4/2025,01/06/2026,,,,"7809 BRIARGATE DR, SAN ANTONIO, TX 78230",SAN ANTONIO,78230,29.508696064859,-98.54426634383,Zone D,https://bexar.tx.publicsearch.us/doc/289724937
289724945,12/4/2025,01/06/2026,,if not the Current Mortgagee,120600.00,"6431 KESTREL LN, SAN ANTONIO, TX 78233",SAN ANTONIO,78233,29.555884026122,-98.360863388152,Zone C,https://bexar.tx.publicsearch.us/doc/289724945
289802899,12/9/2025,01/06/2026,,E.E.A.C. Inc.,,"3907 ANAQUA DR, ELMENDORF, TX 78112",ELMENDORF,78112,29.184385631738,-98.416804387307,Zone K,https://bexar.tx.publicsearch.us/doc/289802899
289802901,12/9/2025,01/06/2026,,E.E.A.C. Inc.,48000.00,"23139 WHITE HICKORY, ELMENDORF, TX 78112",ELMENDORF,23139,29.179438094316,-98.397502399275,Zone K,https://bexar.tx.publicsearch.us/doc/289802901
289720269,12/4/2025,01/06/2026,Eduardo Yovani Guevara,. SERVICER. 10611 TIGER HORSE CV SAN ANTONIO TEXAS 78254 *This document,138317.00,"10611 TIGER HORSE CV, SAN ANTONIO, TX 78254",SAN ANTONIO,10611,29.532341101373,-98.702177297207,Zone B,https://bexar.tx.publicsearch.us/doc/289720269
289718104,12/4/2025,01/06/2026,GENARO HUSBAND,The Mortgage Servicer,,"231 MEADOW PATH DR, SAN ANTONIO, TX 78227",SAN ANTONIO,78227,29.423745167564,-98.645653533798,Zone F,https://bexar.tx.publicsearch.us/doc/289718104
289725423,12/4/2025,01/06/2026,,,,"14239 SAGE TRAIL, SAN ANTONIO, TX 78231",SAN ANTONIO,14239,29.570997136441,-98.529648368768,Zone J,https://bexar.tx.publicsearch.us/doc/289725423
289962202,12/11/2025,01/06/2026,SHELBY,The Mortgage Servicer,,"829 W BITTERS RD, SAN ANTONIO, TX 78216",SAN ANTONIO,78216,29.58150663261,-98.504363149317,Zone J,https://bexar.tx.publicsearch.us/doc/289962202
289963733,12/11/2025,01/06/2026,RAMON PEREZ IOI provides that it,. A servicing agreement between the mort address,155944.00,"10915 ALMOND CREST, SAN ANTONIO, TX 78233",SAN ANTONIO,10915,29.532415841264,-98.351067911333,Zone C,https://bexar.tx.publicsearch.us/doc/289963733
289901801,12/10/2025,01/06/2026,,,,"2010 SILVER MOUNTAIN, SAN ANTONIO, TX 78264",SAN ANTONIO,78264,29.192144277834,-98.540552609705,Zone Z,https://bexar.tx.publicsearch.us/doc/289901801
289891290,12/10/2025,01/06/2026,Brian J. Smith,,600000.00,"25859 GREEN TER, SAN ANTONIO, TX 78255",SAN ANTONIO,25859,29.685533162702,-98.659701428206,Zone L,https://bexar.tx.publicsearch.us/doc/289891290
289886693,12/10/2025,01/06/2026,,,4854.80,"8815 SEBEC CIR, SAN ANTONIO, TX 78250",SAN ANTONIO,78250,29.522854990512,-98.673944192391,Zone B,https://bexar.tx.publicsearch.us/doc/289886693
289977247,12/11/2025,01/06/2026,,Boomerang Capital Partners LLC 85210,,"10302 LITTLE SUGAR CREEK, CONVERSE, TX 78109",CONVERSE,10302,29.531787706815,-98.326645687158,Zone C,https://bexar.tx.publicsearch.us/doc/289977247
289977270,12/11/2025,01/06/2026,,QUICK LENDING LLC Property: ~~ The West 86.2 feet of Lots 8 10,720000,"305 W POPLAR ST, SAN ANTONIO, TX 78212",SAN ANTONIO,78212,29.43962826926,-98.496833258288,Zone D,https://bexar.tx.publicsearch.us/doc/289977270
289977246,12/11/2025,01/06/2026,,,226900,"2721 W CESAR E CHAVEZ BLVD, SAN ANTONIO, TX 78207",SAN ANTONIO,78207,,,,https://bexar.tx.publicsearch.us/doc/289977246
289977277,12/11/2025,01/06/2026,Kenrick Delton McBean,Property Address Registration Systems Inc.,975000.00,"8402 VIA VERONA, SAN ANTONIO, TX 78227",SAN ANTONIO,78227,,,,https://bexar.tx.publicsearch.us/doc/289977277
289977240,12/11/2025,01/06/2026,,Lender. Guaranty: The Note and all other indebtedness of Borrowe Guaranty Agreement dated August 15,399000,"1407 W WOODLAWN AVE, SAN ANTONIO, TX 78201",SAN ANTONIO,78201,29.453212241985,-98.51721320096,Zone D,https://bexar.tx.publicsearch.us/doc/289977240
289977259,12/11/2025,01/06/2026,,Mortgage Electronic Registration Systems Inc. : Company Ltd. its successors,226100.00,"8014 MIRANDA CANYON, SAN ANTONIO, TX 78252",SAN ANTONIO,78252,,,,https://bexar.tx.publicsearch.us/doc/289977259
289983932,12/11/2025,01/06/2026,,Certainty Home Loans L.,,"822 COWHIDE DR, SAN ANTONIO, TX 78260",SAN ANTONIO,78260,29.705188791593,-98.481153074069,Zone [,https://bexar.tx.publicsearch.us/doc/289983932
289985391,12/11/2025,01/06/2026,,,,"7942 KENNEDY HILL DR, SAN ANTONIO, TX 78235",SAN ANTONIO,78235,,,,https://bexar.tx.publicsearch.us/doc/289985391
290003750,12/15/2025,01/06/2026,,The Mortgage Servicer,22005.00,"4147 SUNRISE CREEK DR, SAN ANTONIO, TX 78244",SAN ANTONIO,78244,29.466173185568,-98.365413282283,Zone C,https://bexar.tx.publicsearch.us/doc/290003750
290009083,12/15/2025,01/06/2026,,,,"10707 CAT MTN, SAN ANTONIO, TX 78251",SAN ANTONIO,10707,29.447691575635,-98.702558924053,Zone F,https://bexar.tx.publicsearch.us/doc/290009083
290003294,12/15/2025,01/06/2026,,,,"12828 SAN PEDRO AVE, SAN ANTONIO, TX 78216",SAN ANTONIO,12828,29.559218678021,-98.483574975549,Zone \,https://bexar.tx.publicsearch.us/doc/290003294
290016220,12/15/2025,01/06/2026,,,156200.00,"8431 CREEK BEND, SAN ANTONIO, TX 78242",SAN ANTONIO,78242,29.34342699206,-98.600984594247,Zone H,https://bexar.tx.publicsearch.us/doc/290016220
290014354,12/15/2025,01/06/2026,Miguel A. Padilla Villanueva,,79999.00,"102 HOOVER AVE, SAN ANTONIO, TX 78225",SAN ANTONIO,78225,29.384586183366,-98.51984622231,Zone D,https://bexar.tx.publicsearch.us/doc/290014354
290016211,12/15/2025,01/06/2026,,,,"11103 COUNTRY CANYON, SAN ANTONIO, TX 78252",SAN ANTONIO,11103,29.376654136736,-98.711450824323,Zone G,https://bexar.tx.publicsearch.us/doc/290016211
290016209,12/15/2025,01/06/2026,,,,"22819 MASON PASS, SAN ANTONIO, TX 78264",SAN ANTONIO,22819,29.18498046821,-98.470533924872,Zone M,https://bexar.tx.publicsearch.us/doc/290016209
290024874,12/16/2025,01/06/2026,,,,"4235 NOGALES ST, SAN ANTONIO, TX 78237",SAN ANTONIO,78237,29.420990291454,-98.571945789911,Zone D,https://bexar.tx.publicsearch.us/doc/290024874
290016214,12/15/2025,01/06/2026,,,,"13115 WILLOWTHORN LN, SAN ANTONIO, TX 78249",SAN ANTONIO,13115,29.568981661926,-98.617118549738,Zone N,https://bexar.tx.publicsearch.us/doc/290016214
290016217,12/15/2025,01/06/2026,,,,"8522 QUAIL WOOD, SAN ANTONIO, TX 78250",SAN ANTONIO,78250,29.503827699432,-98.643230681654,Zone B,https://bexar.tx.publicsearch.us/doc/290016217
290030771,12/16/2025,01/06/2026,,,,"414 REGINA ST, SAN ANTONIO, TX 78223",SAN ANTONIO,78223,29.380113688718,-98.471114911446,Zone D,https://bexar.tx.publicsearch.us/doc/290030771
290032933,12/16/2025,01/06/2026,,,,"102 RUELLE LN, SAN ANTONIO, TX 78209",SAN ANTONIO,78209,29.490995983486,-98.457617640747,Zone O,https://bexar.tx.publicsearch.us/doc/290032933
290029829,12/16/2025,01/06/2026,Diana,Investment LLC,,"530 S WW WHITE RD, SAN ANTONIO, TX 78220",SAN ANTONIO,78220,29.423062046147,-98.405489548687,Zone D,https://bexar.tx.publicsearch.us/doc/290029829
290030763,12/16/2025,01/06/2026,,,,"2426 TUCKER DR, SAN ANTONIO, TX 78222",SAN ANTONIO,78222,29.397682405049,-98.394911740638,Zone I,https://bexar.tx.publicsearch.us/doc/290030763
290030765,12/16/2025,01/06/2026,,,,"925 FLANDERS AVE, SAN ANTONIO, TX 78211",SAN ANTONIO,78211,29.374631546779,-98.517614677841,Zone D,https://bexar.tx.publicsearch.us/doc/290030765
290030775,12/16/2025,01/06/2026,,,,"130 E LACHAPELLE, SAN ANTONIO, TX 78204",SAN ANTONIO,78204,29.405675545126,-98.502071603248,Zone D,https://bexar.tx.publicsearch.us/doc/290030775
288496560,10/23/2025,01/06/2026,,,,"7659 MISSION LEDGE, BOERNE, TX 78015",BOERNE,78015,29.686165225648,-98.635571686043,Zone L,https://bexar.tx.publicsearch.us/doc/288496560
288496561,10/23/2025,01/06/2026,,,,"6806 COUGAR COVE, SAN ANTONIO, TX 78242",SAN ANTONIO,78242,29.365747310208,-98.622409711823,Zone H,https://bexar.tx.publicsearch.us/doc/288496561
288493523,10/23/2025,01/06/2026,,,,"9779 HIDDEN ROCK, SAN ANTONIO, TX 78250",SAN ANTONIO,78250,29.495336334001,-98.69488462501,Zone B,https://bexar.tx.publicsearch.us/doc/288493523
288493521,10/23/2025,01/06/2026,,,,"7227 DUCK POND, SAN ANTONIO, TX 78252",SAN ANTONIO,78252,,,,https://bexar.tx.publicsearch.us/doc/288493521
288493526,10/23/2025,01/06/2026,,,,"9423 MARSH STRAW, SAN ANTONIO, TX 78254",SAN ANTONIO,78254,,,,https://bexar.tx.publicsearch.us/doc/288493526
288579462,10/30/2025,01/06/2026,,,,"12249 CASHTON, SAN ANTONIO, TX 78252",SAN ANTONIO,12249,29.360476769617,-98.736384716384,Zone ],https://bexar.tx.publicsearch.us/doc/288579462
288579474,10/30/2025,01/06/2026,,,,"630 SW 40TH ST, SAN ANTONIO, TX 78237",SAN ANTONIO,78237,29.422204408105,-98.581930847299,Zone D,https://bexar.tx.publicsearch.us/doc/288579474
288582753,10/30/2025,01/06/2026,,,,"6921 SUNSPOT, CONVERSE, TX 78109",CONVERSE,78109,,,,https://bexar.tx.publicsearch.us/doc/288582753
289237344,11/4/2025,01/06/2026,,,,"16919 BASIN OAK, SAN ANTONIO, TX 78247",SAN ANTONIO,16919,29.59536595651,-98.371316526684,Zone E,https://bexar.tx.publicsearch.us/doc/289237344
289237343,11/4/2025,01/06/2026,,,,"730 FIRENZE AVE, SAN ANTONIO, TX 78245",SAN ANTONIO,78245,29.425357881153,-98.804109389765,Zone P,https://bexar.tx.publicsearch.us/doc/289237343
288579450,10/30/2025,01/06/2026,,,,"4140 WATERFALL COVE, SAN ANTONIO, TX 78223",SAN ANTONIO,78223,,,,https://bexar.tx.publicsearch.us/doc/288579450
289414420,11/6/2025,01/06/2026,,,,"7202 SILOS RIDGE, SAN ANTONIO, TX 78252",SAN ANTONIO,78252,,,,https://bexar.tx.publicsearch.us/doc/289414420
289414418,11/6/2025,01/06/2026,,,,"8122 ROSESPUR PARK, SCHERTZ, TX 78154",SCHERTZ,78154,29.5830416851,-98.326416167514,Zone Q,https://bexar.tx.publicsearch.us/doc/289414418
289414414,11/6/2025,01/06/2026,,,,"13623 ARROYO SECO, SAN ANTONIO, TX 78223",SAN ANTONIO,13623,,,,https://bexar.tx.publicsearch.us/doc/289414414
289414428,11/6/2025,01/06/2026,,,,"2663 W MULBERRY AVE, SAN ANTONIO, TX 78228",SAN ANTONIO,78228,29.458273979551,-98.548498752243,Zone D,https://bexar.tx.publicsearch.us/doc/289414428
289412173,11/6/2025,01/06/2026,,,,"6714 SHIRAZ WAY, CONVERSE, TX 78109",CONVERSE,78109,29.495111508973,-98.307423374988,Zone C,https://bexar.tx.publicsearch.us/doc/289412173
289453026,11/10/2025,01/06/2026,,,,"980 HEDGESTONE DR, SAN ANTONIO, TX 78258",SAN ANTONIO,78258,29.648005936417,-98.501735213188,Zone J,https://bexar.tx.publicsearch.us/doc/289453026
289456923,11/10/2025,01/06/2026,,,,"4514 TODDS FARM, SAN ANTONIO, TX 78244",SAN ANTONIO,78244,29.469391111726,-98.369562397979,Zone C,https://bexar.tx.publicsearch.us/doc/289456923
289456906,11/10/2025,01/06/2026,,,,"447 RASA DR, SAN ANTONIO, TX 78227",SAN ANTONIO,78227,29.405405517097,-98.658259020182,Zone F,https://bexar.tx.publicsearch.us/doc/289456906
289495650,11/13/2025,01/06/2026,,,,"87 CAMPDEN CIR, SAN ANTONIO, TX 78218",SAN ANTONIO,78218,29.50851407278,-98.425628600402,Zone C,https://bexar.tx.publicsearch.us/doc/289495650
289495640,11/13/2025,01/06/2026,,,,"16046 WATERING POINT DR, SAN ANTONIO, TX 78247",SAN ANTONIO,16046,29.59437590685,-98.406931989676,Zone E,https://bexar.tx.publicsearch.us/doc/289495640
289495636,11/13/2025,01/06/2026,,,,"10223 HUISACHE FLD, HELOTES, TX 78023",HELOTES,10223,29.546611037915,-98.693145747253,Zone B,https://bexar.tx.publicsearch.us/doc/289495636
289495652,11/13/2025,01/06/2026,,,,"7206 FAROS CT, SAN ANTONIO, TX 78233",SAN ANTONIO,78233,29.548701167393,-98.348047543095,Zone C,https://bexar.tx.publicsearch.us/doc/289495652
289495642,11/13/2025,01/06/2026,,,,"8002 CHESTNUT CAPE DR, CONVERSE, TX 78109",CONVERSE,78109,29.487797886154,-98.3274689808,Zone C,https://bexar.tx.publicsearch.us/doc/289495642
289581176,11/20/2025,01/06/2026,,,,"315 BRIGHTON, SAN ANTONIO, TX 78214",SAN ANTONIO,78214,29.375575282255,-98.507986324069,Zone D,https://bexar.tx.publicsearch.us/doc/289581176
289577801,11/20/2025,01/06/2026,,,,"6010 PLEASANT LAKE, SAN ANTONIO, TX 78222",SAN ANTONIO,78222,29.382830403202,-98.374561927106,Zone I,https://bexar.tx.publicsearch.us/doc/289577801
289577802,11/20/2025,01/06/2026,,,,"255 LANARK DR, SAN ANTONIO, TX 78218",SAN ANTONIO,78218,29.503358656683,-98.411636779279,Zone C,https://bexar.tx.publicsearch.us/doc/289577802
289581191,11/20/2025,01/06/2026,,,,"9822 AUTUMN DAWN, CONVERSE, TX 78109",CONVERSE,78109,29.497946807112,-98.293245961303,Zone C,https://bexar.tx.publicsearch.us/doc/289581191
289581458,11/20/2025,01/06/2026,,,,"8642 FREDERICKSBURG RD, SAN ANTONIO, TX 78240",SAN ANTONIO,78240,29.521763122347,-98.57368232951,Zone D,https://bexar.tx.publicsearch.us/doc/289581458
289581469,11/20/2025,01/06/2026,,,,"1415 CANYON EDGE, SAN ANTONIO, TX 78248",SAN ANTONIO,78248,29.601847313527,-98.514303891453,Zone J,https://bexar.tx.publicsearch.us/doc/289581469
289581467,11/20/2025,01/06/2026,,,,"530 EL MONTE BLVD, SAN ANTONIO, TX 78212",SAN ANTONIO,78212,29.485098669133,-98.503265958688,Zone D,https://bexar.tx.publicsearch.us/doc/289581467
289581472,11/20/2025,01/06/2026,,,,"5602 IVANHOE ST, SAN ANTONIO, TX 78228",SAN ANTONIO,78228,29.460971267427,-98.596065397996,Zone D,https://bexar.tx.publicsearch.us/doc/289581472
289581193,11/20/2025,01/06/2026,,,,"4827 BLUE HERON ST, SAN ANTONIO, TX 78217",SAN ANTONIO,78217,29.568044699194,-98.393170330027,Zone E,https://bexar.tx.publicsearch.us/doc/289581193
289691933,12/2/2025,01/06/2026,,,,"446 HERMINE BLVD, SAN ANTONIO, TX 78212",SAN ANTONIO,78212,29.483195629965,-98.503312287417,Zone D,https://bexar.tx.publicsearch.us/doc/289691933
289637480,11/25/2025,01/06/2026,,,,"3134 MAJESTIC DR, SAN ANTONIO, TX 78228",SAN ANTONIO,78228,29.467135905034,-98.594797840684,Zone D,https://bexar.tx.publicsearch.us/doc/289637480
289637458,11/25/2025,01/06/2026,,,,"1038 OLNEY DR, SAN ANTONIO, TX 78218",SAN ANTONIO,78218,29.490145763476,-98.423952717941,Zone C,https://bexar.tx.publicsearch.us/doc/289637458
289628105,11/25/2025,01/06/2026,,,,"315 JUNIPER ST, SAN ANTONIO, TX 78223",SAN ANTONIO,78223,29.3325089966,-98.425953078125,Zone R,https://bexar.tx.publicsearch.us/doc/289628105
289655085,11/26/2025,01/06/2026,,,,"26952 RUSTIC BRK, SAN ANTONIO, TX 78261",SAN ANTONIO,26952,29.699440499215,-98.442864084712,Zone ^,https://bexar.tx.publicsearch.us/doc/289655085
289642145,11/25/2025,01/06/2026,,,,"7755 SAN MIRIENDA, BOERNE, TX 78015",BOERNE,78015,29.692081567107,-98.636249061482,Zone L,https://bexar.tx.publicsearch.us/doc/289642145
289637476,11/25/2025,01/06/2026,,,,"7307 SHADOW TRL, SAN ANTONIO, TX 78244",SAN ANTONIO,78244,29.49915106368,-98.329894098536,Zone C,https://bexar.tx.publicsearch.us/doc/289637476
289691237,12/2/2025,01/06/2026,,,,"4807 LOST HILLS DR, ELMENDORF, TX 78112",ELMENDORF,78112,29.1732492481,-98.403889860055,Zone K,https://bexar.tx.publicsearch.us/doc/289691237
289637456,11/25/2025,01/06/2026,,,,"12867 RATCLIFF LAKE, SAINT HEDWIG, TX 78152",SAINT HEDWIG,12867,,,,https://bexar.tx.publicsearch.us/doc/289637456
289701852,12/3/2025,01/06/2026,,,,"102 LARIAT DR, SAN ANTONIO, TX 78232",SAN ANTONIO,78232,29.599862611382,-98.50850482928,Zone J,https://bexar.tx.publicsearch.us/doc/289701852
289718098,12/4/2025,01/06/2026,,,,"5127 CERRO VISTA ST, SAN ANTONIO, TX 78233",SAN ANTONIO,78233,29.554838813561,-98.389781478349,Zone E,https://bexar.tx.publicsearch.us/doc/289718098
289718100,12/4/2025,01/06/2026,,,,"519 E RECTOR ST, SAN ANTONIO, TX 78216",SAN ANTONIO,78216,29.517337082192,-98.48755006569,Zone D,https://bexar.tx.publicsearch.us/doc/289718100
289724957,12/4/2025,01/06/2026,,,,"4211 HAVENVIEW DR, SAN ANTONIO, TX 78228",SAN ANTONIO,78228,29.473718735784,-98.567241731559,Zone D,https://bexar.tx.publicsearch.us/doc/289724957
289725431,12/4/2025,01/06/2026,,,,"310 DE SOTO DR, UNIVERSAL CITY, TX 78148",UNIVERSAL CITY,78148,29.552019234553,-98.315945817757,Zone _,https://bexar.tx.publicsearch.us/doc/289725431
289721592,12/4/2025,01/06/2026,,,,"9710 FALCON BAY, CONVERSE, TX 78109",CONVERSE,78109,29.525480525854,-98.300471127271,Zone `,https://bexar.tx.publicsearch.us/doc/289721592
289724928,12/4/2025,01/06/2026,,,,"10046 RUIDOSA, SAN ANTONIO, TX 78214",SAN ANTONIO,10046,29.316612298706,-98.469378977036,Zone a,https://bexar.tx.publicsearch.us/doc/289724928
289724927,12/4/2025,01/06/2026,,,,"2622 LAKEHAVEN, SAN ANTONIO, TX 78222",SAN ANTONIO,78222,29.395572961769,-98.37541737128,Zone I,https://bexar.tx.publicsearch.us/doc/289724927
289734948,12/5/2025,01/06/2026,,,,"7806 SAREPTO, SAN ANTONIO, TX 78239",SAN ANTONIO,78239,29.504998357988,-98.353488966319,Zone C,https://bexar.tx.publicsearch.us/doc/289734948
289734949,12/5/2025,01/06/2026,,,,"5110 LAKEBEND E DR, SAN ANTONIO, TX 78244",SAN ANTONIO,78244,29.472905639832,-98.349186536342,Zone C,https://bexar.tx.publicsearch.us/doc/289734949
289721593,12/4/2025,01/06/2026,,,,"2223 HAYS ST, SAN ANTONIO, TX 78202",SAN ANTONIO,78202,29.430054382311,-98.446584203507,Zone D,https://bexar.tx.publicsearch.us/doc/289721593
289725428,12/4/2025,01/06/2026,,,,"427 JENNINGS AVE, SAN ANTONIO, TX 78225",SAN ANTONIO,78225,29.391727096277,-98.527341511411,Zone D,https://bexar.tx.publicsearch.us/doc/289725428
289724940,12/4/2025,01/06/2026,,,,"19230 FM 1937, SAN ANTONIO, TX 78221",SAN ANTONIO,19230,29.233315565824,-98.456684088192,Zone b,https://bexar.tx.publicsearch.us/doc/289724940
289886690,12/10/2025,01/06/2026,,,,"10607 COSMOS CANYON, HELOTES, TX 78023",HELOTES,10607,29.543960382194,-98.700003372061,Zone B,https://bexar.tx.publicsearch.us/doc/289886690
289886692,12/10/2025,01/06/2026,,,,"9239 RIDGE SHADOW, SAN ANTONIO, TX 78250",SAN ANTONIO,78250,29.495293452802,-98.671474068099,Zone B,https://bexar.tx.publicsearch.us/doc/289886692
289962196,12/11/2025,01/06/2026,,,,"4937 CHAMPLAIN, SAN ANTONIO, TX 78217",SAN ANTONIO,78217,29.565531192741,-98.390259579666,Zone E,https://bexar.tx.publicsearch.us/doc/289962196
289963731,12/11/2025,01/06/2026,,,,"5919 PADDOCK DR, SAN ANTONIO, TX 78238",SAN ANTONIO,78238,29.453070376923,-98.603121367068,Zone D,https://bexar.tx.publicsearch.us/doc/289963731
289962201,12/11/2025,01/06/2026,,,,"7430 AUTUMN LEDGE, CONVERSE, TX 78109",CONVERSE,78109,29.49646618426,-98.295486048719,Zone C,https://bexar.tx.publicsearch.us/doc/289962201
289977288,12/11/2025,01/06/2026,,,,"8718 SILVER QUAIL, SAN ANTONIO, TX 78250",SAN ANTONIO,78250,29.503284293063,-98.650977573423,Zone B,https://bexar.tx.publicsearch.us/doc/289977288
289977276,12/11/2025,01/06/2026,,,,"638 CANTON, SAN ANTONIO, TX 78202",SAN ANTONIO,78202,29.424177679441,-98.453650561712,Zone D,https://bexar.tx.publicsearch.us/doc/289977276
289977236,12/11/2025,01/06/2026,,,,"615 AVANT AVE, SAN ANTONIO, TX 78210",SAN ANTONIO,78210,29.395394764311,-98.462972803117,Zone D,https://bexar.tx.publicsearch.us/doc/289977236
289983938,12/11/2025,01/06/2026,,,,"730 SAN ANZA, SAN ANTONIO, TX 78260",SAN ANTONIO,78260,29.710889373875,-98.50692097709,Zone c,https://bexar.tx.publicsearch.us/doc/289983938
289985393,12/11/2025,01/06/2026,,,,"SOUTHLAKE PASS, SAN ANTONIO, TX 78235",SAN ANTONIO,78235,,,,https://bexar.tx.publicsearch.us/doc/289985393
289985389,12/11/2025,01/06/2026,,,,"7940 KENNEDY HILL 7, SAN ANTONIO, TX 78235",SAN ANTONIO,78235,,,,https://bexar.tx.publicsearch.us/doc/289985389
289999542,12/12/2025,01/06/2026,,,,"2329 S WW WHITE RD, SAN ANTONIO, TX 78222",SAN ANTONIO,78222,29.388600506782,-98.404622303784,Zone I,https://bexar.tx.publicsearch.us/doc/289999542
290018627,12/15/2025,01/06/2026,,,,"4210 GOLDEN SPICE DR, SAN ANTONIO, TX 78222",SAN ANTONIO,78222,29.368375427589,-98.414170538441,Zone R,https://bexar.tx.publicsearch.us/doc/290018627
290016218,12/15/2025,01/06/2026,,,,"10006 TIGER BAY, SAN ANTONIO, TX 78251",SAN ANTONIO,10006,29.440503684246,-98.68968647508,Zone F,https://bexar.tx.publicsearch.us/doc/290016218
290014349,12/15/2025,01/06/2026,,,,"142 EDDIE WESSLEY ST, SAN ANTONIO, TX 78207",SAN ANTONIO,78207,29.432380468217,-98.511325375567,Zone D,https://bexar.tx.publicsearch.us/doc/290014349
290016213,12/15/2025,01/06/2026,,,,"19720 S US HWY 281, SAN ANTONIO, TX 78221",SAN ANTONIO,19720,,,,https://bexar.tx.publicsearch.us/doc/290016213
290025758,12/16/2025,01/06/2026,,,,"10804 LANDS RUN ST, SAN ANTONIO, TX 78230",SAN ANTONIO,10804,29.539410596757,-98.564302427257,Zone D,https://bexar.tx.publicsearch.us/doc/290025758
290016216,12/15/2025,01/06/2026,,,,"22915 SAVANNAH HTS, VON ORMY, TX 78073",VON ORMY,22915,29.183488146116,-98.606057734754,Zone d,https://bexar.tx.publicsearch.us/doc/290016216
290029505,12/16/2025,01/06/2026,,,,"4330 SPECTRUM ONE, SAN ANTONIO, TX 78230",SAN ANTONIO,78230,29.537289247805,-98.564918684355,Zone D,https://bexar.tx.publicsearch.us/doc/290029505
290030783,12/16/2025,01/06/2026,,,,"124 HARMON DR, SAN ANTONIO, TX 78209",SAN ANTONIO,78209,29.490762851249,-98.453419661425,Zone O,https://bexar.tx.publicsearch.us/doc/290030783
290030770,12/16/2025,01/06/2026,,,,"9307 VALLEY BND, SAN ANTONIO, TX 78250",SAN ANTONIO,78250,29.499153775952,-98.682736334477,Zone B,https://bexar.tx.publicsearch.us/doc/290030770
290030777,12/16/2025,01/06/2026,,,,"12935 CHIPPER CROSSING, SAN ANTONIO, TX 78221",SAN ANTONIO,12935,,,,https://bexar.tx.publicsearch.us/doc/290030777
290030780,12/16/2025,01/06/2026,,,,"8686 RIDGE MILE DR, SAN ANTONIO, TX 78239",SAN ANTONIO,78239,29.515303615014,-98.337033105475,Zone C,https://bexar.tx.publicsearch.us/doc/290030780
290036362,12/16/2025,01/06/2026,,,,"5206 ALAN BEAN, SAN ANTONIO, TX 78219",SAN ANTONIO,78219,29.456802670783,-98.38805238044,Zone C,https://bexar.tx.publicsearch.us/doc/290036362
290030786,12/16/2025,01/06/2026,,,,"BABCOCK RD, SAN ANTONIO, TX 78255",SAN ANTONIO,78255,,,,https://bexar.tx.publicsearch.us/doc/290030786
290030758,12/16/2025,01/06/2026,,,,"8327 TIMBERWILDE ST, SAN ANTONIO, TX 78250",SAN ANTONIO,78250,29.494779759587,-98.648725610923,Zone B,https://bexar.tx.publicsearch.us/doc/290030758
288403678,10/16/2025,01/06/2026,,,,"10311 TIPPECANOE DR, SAN ANTONIO, TX 78245",SAN ANTONIO,10311,29.431526320112,-98.685523329535,Zone F,https://bexar.tx.publicsearch.us/doc/288403678
288414907,10/16/2025,01/06/2026,,,,"16410 KENTUCKY RIDGE, SCHERTZ, TX 78154",SCHERTZ,16410,29.588179491108,-98.335452804309,Zone Q,https://bexar.tx.publicsearch.us/doc/288414907
288414899,10/16/2025,01/06/2026,,,,"3418 STARBEND ST, SAN ANTONIO, TX 78217",SAN ANTONIO,78217,29.539819486605,-98.431522850451,Zone E,https://bexar.tx.publicsearch.us/doc/288414899
288414893,10/16/2025,01/06/2026,,,,"14411 ROCKHOUSE RD, ELMENDORF, TX 78112",ELMENDORF,14411,29.276981200127,-98.340274833735,Zone S,https://bexar.tx.publicsearch.us/doc/288414893
288493525,10/23/2025,01/06/2026,,,,"9934 TAMPKE FALLS, SAN ANTONIO, TX 78245",SAN ANTONIO,78245,29.389131070232,-98.687164573593,Zone F,https://bexar.tx.publicsearch.us/doc/288493525
288493514,10/23/2025,01/06/2026,,,,"431 DRAKE AVE, SAN ANTONIO, TX 78204",SAN ANTONIO,78204,29.399876957643,-98.519009585404,Zone D,https://bexar.tx.publicsearch.us/doc/288493514
288496562,10/23/2025,01/06/2026,,,,"13926 WOOL PARK, SAN ANTONIO, TX 78252",SAN ANTONIO,13926,,,,https://bexar.tx.publicsearch.us/doc/288496562
288496568,10/23/2025,01/06/2026,,,,"5411 PLUMTREE DR, SAN ANTONIO, TX 78242",SAN ANTONIO,78242,29.366903772302,-98.600919629222,Zone H,https://bexar.tx.publicsearch.us/doc/288496568
290012451,12/15/2025,01/06/2026,,,,"446 E HIGHLAND BLVD, SAN ANTONIO, TX 78210",SAN ANTONIO,78210,29.39621893552,-98.474283154335,Zone D,https://bexar.tx.publicsearch.us/doc/290012451
290010859,12/15/2025,01/06/2026,,,,"305 HILL COUNTRY LN, SAN ANTONIO, TX 78232",SAN ANTONIO,78232,29.589978267858,-98.481333954432,Zone T,https://bexar.tx.publicsearch.us/doc/290010859
290009523,12/15/2025,01/06/2026,,,,"2730 TORTUGA VERDE, SAN ANTONIO, TX 78245",SAN ANTONIO,78245,,,,https://bexar.tx.publicsearch.us/doc/290009523
288579445,10/30/2025,01/06/2026,,,,"13715 SUNNYDALE PASS, SAN ANTONIO, TX 78245",SAN ANTONIO,13715,29.413455244537,-98.764361720677,Zone e,https://bexar.tx.publicsearch.us/doc/288579445
288579472,10/30/2025,01/06/2026,,,,"927 MOREY PEAK DR, SAN ANTONIO, TX 78213",SAN ANTONIO,78213,29.536079320608,-98.507592060135,Zone D,https://bexar.tx.publicsearch.us/doc/288579472
288579455,10/30/2025,01/06/2026,,,,"1918 SUNDROP BAY, SAN ANTONIO, TX 78224",SAN ANTONIO,78224,29.338389699212,-98.538361442244,Zone D,https://bexar.tx.publicsearch.us/doc/288579455
288579444,10/30/2025,01/06/2026,,,,"21236 BOULDER FLATS, SAN ANTONIO, TX 78266",SAN ANTONIO,21236,29.638547867603,-98.384047433206,Zone f,https://bexar.tx.publicsearch.us/doc/288579444
289414429,11/6/2025,01/06/2026,,,,"614 SUNHAVEN DR, SAN ANTONIO, TX 78239",SAN ANTONIO,78239,29.511305267863,-98.37675196781,Zone C,https://bexar.tx.publicsearch.us/doc/289414429
289414439,11/6/2025,01/06/2026,,,,"5622 EDIE ADAMS DR, SAN ANTONIO, TX 78240",SAN ANTONIO,78240,29.501177503928,-98.596138017959,Zone D,https://bexar.tx.publicsearch.us/doc/289414439
289414409,11/6/2025,01/06/2026,,,,"2703 GUNSMOKE ST, SAN ANTONIO, TX 78227",SAN ANTONIO,78227,29.402418573864,-98.645722966735,Zone F,https://bexar.tx.publicsearch.us/doc/289414409
289412180,11/6/2025,01/06/2026,,,,"2634 HOMESTEAD LOOP, SAN ANTONIO, TX 78245",SAN ANTONIO,78245,29.406936987507,-98.718302902932,Zone F,https://bexar.tx.publicsearch.us/doc/289412180
290029828,12/16/2025,01/06/2026,,,,"162 COLLEEN DR, SAN ANTONIO, TX 78228",SAN ANTONIO,78228,29.464412755129,-98.559317459385,Zone D,https://bexar.tx.publicsearch.us/doc/290029828
290027348,12/16/2025,01/06/2026,,,,"MARTIN LUTHER KING, SAN ANTONIO, TX 78203",SAN ANTONIO,78203,,,,https://bexar.tx.publicsearch.us/doc/290027348
290030768,12/16/2025,01/06/2026,,,,"24210 MOUNTAIN BEND, SAN ANTONIO, TX 78258",SAN ANTONIO,24210,29.666154892797,-98.451742822967,Zone U,https://bexar.tx.publicsearch.us/doc/290030768
290030762,12/16/2025,01/06/2026,,,,"8647 TANBARK DR, SAN ANTONIO, TX 78240",SAN ANTONIO,78240,29.523124059009,-98.633918581886,Zone B,https://bexar.tx.publicsearch.us/doc/290030762
290014348,12/15/2025,01/06/2026,,,,"MARTIN LUTHER KING, SAN ANTONIO, TX 78203",SAN ANTONIO,78203,,,,https://bexar.tx.publicsearch.us/doc/290014348
290016212,12/15/2025,01/06/2026,,,,"1231 MCKINLEY AVE, SAN ANTONIO, TX 78210",SAN ANTONIO,78210,29.392105426116,-98.467045595663,Zone D,https://bexar.tx.publicsearch.us/doc/290016212
290016208,12/15/2025,01/06/2026,,,,"15914 GINO PARK, SAN ANTONIO, TX 78247",SAN ANTONIO,15914,29.585674217165,-98.381746797941,Zone E,https://bexar.tx.publicsearch.us/doc/290016208
290014350,12/15/2025,01/06/2026,,,,"115 SUN, SAN ANTONIO, TX 78204",SAN ANTONIO,78204,29.390196504264,-98.500951205323,Zone D,https://bexar.tx.publicsearch.us/doc/290014350
290014351,12/15/2025,01/06/2026,,,,"154 BANBRIDGE AVE, SAN ANTONIO, TX 78223",SAN ANTONIO,78223,29.366251944419,-98.43222066402,Zone R,https://bexar.tx.publicsearch.us/doc/290014351
290016221,12/15/2025,01/06/2026,,,,"204 HONEYSUCKLE LN, SAN ANTONIO, TX 78213",SAN ANTONIO,78213,29.514447679305,-98.515447749638,Zone D,https://bexar.tx.publicsearch.us/doc/290016221
288326672,10/9/2025,01/06/2026,,,,"5218 GALACINO ST, SAN ANTONIO, TX 78247",SAN ANTONIO,78247,29.577248813206,-98.387623373692,Zone E,https://bexar.tx.publicsearch.us/doc/288326672
288326673,10/9/2025,01/06/2026,,,,"13027 REMUDA TERR, SAN ANTONIO, TX 78254",SAN ANTONIO,13027,29.532541935277,-98.751271737846,Zone B,https://bexar.tx.publicsearch.us/doc/288326673
289690914,12/2/2025,01/06/2026,,,,"17115 NUEVA VIDA LN, ATASCOSA, TX 78002",ATASCOSA,17115,,,,https://bexar.tx.publicsearch.us/doc/289690914
289724934,12/4/2025,01/06/2026,,,,"23418 SEVEN WINDS, SAN ANTONIO, TX 78258",SAN ANTONIO,23418,29.65832156732,-98.466878338173,Zone U,https://bexar.tx.publicsearch.us/doc/289724934
289724922,12/4/2025,01/06/2026,,,,"8318 TAVERN POINT, SAN ANTONIO, TX 78254",SAN ANTONIO,78254,29.517501830674,-98.702064418256,Zone B,https://bexar.tx.publicsearch.us/doc/289724922
289724926,12/4/2025,01/06/2026,,,,"2416 W MULBERRY AVE, SAN ANTONIO, TX 78228",SAN ANTONIO,78228,29.459007450301,-98.540824424751,Zone D,https://bexar.tx.publicsearch.us/doc/289724926
289724955,12/4/2025,01/06/2026,,,,"9622 CHELMSFORD DR, SAN ANTONIO, TX 78239",SAN ANTONIO,78239,29.526191480118,-98.35072361507,Zone C,https://bexar.tx.publicsearch.us/doc/289724955
289725432,12/4/2025,01/06/2026,,,,"8810 WHITE CROWN, SAN ANTONIO, TX 78254",SAN ANTONIO,78254,29.523154098579,-98.729031092669,Zone B,https://bexar.tx.publicsearch.us/doc/289725432
289724938,12/4/2025,01/06/2026,,,,"715 OBAN DR, SAN ANTONIO, TX 78216",SAN ANTONIO,78216,29.511560093749,-98.503950399964,Zone D,https://bexar.tx.publicsearch.us/doc/289724938
289724952,12/4/2025,01/06/2026,,,,"2004 PALMER PL, CONVERSE, TX 78109",CONVERSE,78109,,,,https://bexar.tx.publicsearch.us/doc/289724952
289772179,12/9/2025,01/06/2026,,,,"11501 BRAESVIEW, SAN ANTONIO, TX 78213",SAN ANTONIO,11501,29.545850979813,-98.527873609519,Zone D,https://bexar.tx.publicsearch.us/doc/289772179
289724939,12/4/2025,01/06/2026,,,,"131 MEADOW VALLEY ST, SAN ANTONIO, TX 78227",SAN ANTONIO,78227,29.366102474454,-98.639591036292,Zone H,https://bexar.tx.publicsearch.us/doc/289724939
289802900,12/9/2025,01/06/2026,,,,"3191 WOODFIN DR, SAN ANTONIO, TX 78264",SAN ANTONIO,78264,29.169080985115,-98.437862785927,Zone M,https://bexar.tx.publicsearch.us/doc/289802900
289724941,12/4/2025,01/06/2026,,,,"1315 COLDWATER DR, SAN ANTONIO, TX 78245",SAN ANTONIO,78245,29.420461663381,-98.673269543155,Zone F,https://bexar.tx.publicsearch.us/doc/289724941
289456922,11/10/2025,01/06/2026,,,,"3310 STONEY BAYOU, SAN ANTONIO, TX 78245",SAN ANTONIO,78245,29.559162047503,-98.441089678487,Zone E,https://bexar.tx.publicsearch.us/doc/289456922
289725432,12/4/2025,01/06/2026,,,,"8810 WHITE CROWN, SAN ANTONIO, TX 78254",SAN ANTONIO,78254,29.523154098579,-98.729031092669,Zone B,https://bexar.tx.publicsearch.us/doc/289725432
289724926,12/4/2025,01/06/2026,,,,"2416 W MULBERRY AVE, SAN ANTONIO, TX 78228",SAN ANTONIO,78228,29.459007450301,-98.540824424751,Zone D,https://bexar.tx.publicsearch.us/doc/289724926
289724934,12/4/2025,01/06/2026,,,,"23418 SEVEN WINDS, SAN ANTONIO, TX 78258",SAN ANTONIO,23418,29.65832156732,-98.466878338173,Zone U,https://bexar.tx.publicsearch.us/doc/289724934
289724922,12/4/2025,01/06/2026,,,,"8318 TAVERN POINT, SAN ANTONIO, TX 78254",SAN ANTONIO,78254,29.517501830674,-98.702064418256,Zone B,https://bexar.tx.publicsearch.us/doc/289724922
289724952,12/4/2025,01/06/2026,,,,"2004 PALMER PL, CONVERSE, TX 78109",CONVERSE,78109,,,,https://bexar.tx.publicsearch.us/doc/289724952
289724939,12/4/2025,01/06/2026,,,,"131 MEADOW VALLEY ST, SAN ANTONIO, TX 78227",SAN ANTONIO,78227,29.366102474454,-98.639591036292,Zone H,https://bexar.tx.publicsearch.us/doc/289724939
289724938,12/4/2025,01/06/2026,,,,"715 OBAN DR, SAN ANTONIO, TX 78216",SAN ANTONIO,78216,29.511560093749,-98.503950399964,Zone D,https://bexar.tx.publicsearch.us/doc/289724938
289724941,12/4/2025,01/06/2026,,,,"1315 COLDWATER DR, SAN ANTONIO, TX 78245",SAN ANTONIO,78245,29.420461663381,-98.673269543155,Zone F,https://bexar.tx.publicsearch.us/doc/289724941
289772179,12/9/2025,01/06/2026,,,,"11501 BRAESVIEW, SAN ANTONIO, TX 78213",SAN ANTONIO,11501,29.545850979813,-98.527873609519,Zone D,https://bexar.tx.publicsearch.us/doc/289772179
289802900,12/9/2025,01/06/2026,,,,"3191 WOODFIN DR, SAN ANTONIO, TX 78264",SAN ANTONIO,78264,29.169080985115,-98.437862785927,Zone M,https://bexar.tx.publicsearch.us/doc/289802900
289871824,12/10/2025,01/06/2026,,,,"2709 COMMERCIAL AVE, SAN ANTONIO, TX 78221",SAN ANTONIO,78221,29.350504968848,-98.516298958374,Zone D,https://bexar.tx.publicsearch.us/doc/289871824
288403678,10/16/2025,01/06/2026,,,,"10311 TIPPECANOE DR, SAN ANTONIO, TX 78245",SAN ANTONIO,10311,29.431526320112,-98.685523329535,Zone F,https://bexar.tx.publicsearch.us/doc/288403678
289456922,11/10/2025,01/06/2026,,,,"3310 STONEY BAYOU, SAN ANTONIO, TX 78245",SAN ANTONIO,78245,29.559162047503,-98.441089678487,Zone E,https://bexar.tx.publicsearch.us/doc/289456922
289495629,11/13/2025,01/06/2026,,,,"13423 CANADIAN PARKE, SAN ANTONIO, TX 78254",SAN ANTONIO,13423,29.522654130204,-98.758854483487,Zone B,https://bexar.tx.publicsearch.us/doc/289495629
289495630,11/13/2025,01/06/2026,,,,"5823 FORT LARAMIE, SAN ANTONIO, TX 78239",SAN ANTONIO,78239,29.5310616472,-98.374544841792,Zone C,https://bexar.tx.publicsearch.us/doc/289495630
289511305,11/14/2025,01/06/2026,,,,"243 HARCOURT AVE, SAN ANTONIO, TX 78223",SAN ANTONIO,78223,29.360522281598,-98.429402630778,Zone R,https://bexar.tx.publicsearch.us/doc/289511305
289486714,11/13/2025,01/06/2026,,,,"703 W HUTCHINS PL, SAN ANTONIO, TX 78221",SAN ANTONIO,78221,29.345691688672,-98.514451639033,Zone D,https://bexar.tx.publicsearch.us/doc/289486714
289973043,12/11/2025,01/06/2026,,,,"1303 LOCKHILL SELMA RD, SAN ANTONIO, TX 78213",SAN ANTONIO,78213,29.529356869688,-98.513008245149,Zone D,https://bexar.tx.publicsearch.us/doc/289973043
289973042,12/11/2025,01/06/2026,,,,"27715 RIATA RANCH DR, SAN ANTONIO, TX 78261",SAN ANTONIO,27715,29.709831235698,-98.414520906421,Zone g,https://bexar.tx.publicsearch.us/doc/289973042
289973041,12/11/2025,01/06/2026,,,,"10226 SAN PEDRO AVE, SAN ANTONIO, TX 78216",SAN ANTONIO,10226,29.535225206497,-98.494261993813,Zone D,https://bexar.tx.publicsearch.us/doc/289973041
289901800,12/10/2025,01/06/2026,,,,"6030 PLESANT MEADOW, SAN ANTONIO, TX 78222",SAN ANTONIO,78222,29.390734428531,-98.371104837849,Zone I,https://bexar.tx.publicsearch.us/doc/289901800
289985392,12/11/2025,01/06/2026,,,,"7922 KENNEDY HILL DR, SAN ANTONIO, TX 78235",SAN ANTONIO,78235,,,,https://bexar.tx.publicsearch.us/doc/289985392
290012451,12/15/2025,01/06/2026,,,,"446 E HIGHLAND BLVD, SAN ANTONIO, TX 78210",SAN ANTONIO,78210,29.39621893552,-98.474283154335,Zone D,https://bexar.tx.publicsearch.us/doc/290012451
290010859,12/15/2025,01/06/2026,,,,"305 HILL COUNTRY LN, SAN ANTONIO, TX 78232",SAN ANTONIO,78232,29.589978267858,-98.481333954432,Zone T,https://bexar.tx.publicsearch.us/doc/290010859
290009523,12/15/2025,01/06/2026,,,,"2730 TORTUGA VERDE, SAN ANTONIO, TX 78245",SAN ANTONIO,78245,,,,https://bexar.tx.publicsearch.us/doc/290009523
290014348,12/15/2025,01/06/2026,,,,"MARTIN LUTHER KING, SAN ANTONIO, TX 78203",SAN ANTONIO,78203,,,,https://bexar.tx.publicsearch.us/doc/290014348
290016212,12/15/2025,01/06/2026,,,,"1231 MCKINLEY AVE, SAN ANTONIO, TX 78210",SAN ANTONIO,78210,29.392105426116,-98.467045595663,Zone D,https://bexar.tx.publicsearch.us/doc/290016212
290014351,12/15/2025,01/06/2026,,,,"154 BANBRIDGE AVE, SAN ANTONIO, TX 78223",SAN ANTONIO,78223,29.366251944419,-98.43222066402,Zone R,https://bexar.tx.publicsearch.us/doc/290014351
290016208,12/15/2025,01/06/2026,,,,"15914 GINO PARK, SAN ANTONIO, TX 78247",SAN ANTONIO,15914,29.585674217165,-98.381746797941,Zone E,https://bexar.tx.publicsearch.us/doc/290016208
290014350,12/15/2025,01/06/2026,,,,"115 SUN, SAN ANTONIO, TX 78204",SAN ANTONIO,78204,29.390196504264,-98.500951205323,Zone D,https://bexar.tx.publicsearch.us/doc/290014350
290016221,12/15/2025,01/06/2026,,,,"204 HONEYSUCKLE LN, SAN ANTONIO, TX 78213",SAN ANTONIO,78213,29.514447679305,-98.515447749638,Zone D,https://bexar.tx.publicsearch.us/doc/290016221
290029828,12/16/2025,01/06/2026,,,,"162 COLLEEN DR, SAN ANTONIO, TX 78228",SAN ANTONIO,78228,29.464412755129,-98.559317459385,Zone D,https://bexar.tx.publicsearch.us/doc/290029828
290027348,12/16/2025,01/06/2026,,,,"MARTIN LUTHER KING, SAN ANTONIO, TX 78203",SAN ANTONIO,78203,,,,https://bexar.tx.publicsearch.us/doc/290027348
290030768,12/16/2025,01/06/2026,,,,"24210 MOUNTAIN BEND, SAN ANTONIO, TX 78258",SAN ANTONIO,24210,29.666154892797,-98.451742822967,Zone U,https://bexar.tx.publicsearch.us/doc/290030768
290030762,12/16/2025,01/06/2026,,,,"8647 TANBARK DR, SAN ANTONIO, TX 78240",SAN ANTONIO,78240,29.523124059009,-98.633918581886,Zone B,https://bexar.tx.publicsearch.us/doc/290030762
288403677,10/16/2025,01/06/2026,,,,"10714 MANOR CREEK, SAN ANTONIO, TX 78245",SAN ANTONIO,10714,29.427290900299,-98.703557308632,Zone F,https://bexar.tx.publicsearch.us/doc/288403677
288414892,10/16/2025,01/06/2026,,,,"9426 BUTTERFLY BND, SAN ANTONIO, TX 78224",SAN ANTONIO,78224,29.327378934308,-98.52094682162,Zone D,https://bexar.tx.publicsearch.us/doc/288414892
288489080,10/23/2025,01/06/2026,,,,"10422 GREEN LAKE DR, SAN ANTONIO, TX 78223",SAN ANTONIO,10422,29.314833417617,-98.384247220586,Zone h,https://bexar.tx.publicsearch.us/doc/288489080
288571622,10/30/2025,01/06/2026,,,,"2402 CLARA LN, SAN ANTONIO, TX 78213",SAN ANTONIO,78213,29.49397266834,-98.531168762593,Zone D,https://bexar.tx.publicsearch.us/doc/288571622
288493515,10/23/2025,01/06/2026,,,,"3626 ATRIUM PEAK, SAN ANTONIO, TX 78261",SAN ANTONIO,78261,29.677664775862,-98.430652851285,Zone U,https://bexar.tx.publicsearch.us/doc/288493515
288579459,10/30/2025,01/06/2026,,,,"231 COVINA AVE, SAN ANTONIO, TX 78218",SAN ANTONIO,78218,29.498323174374,-98.410025827345,Zone C,https://bexar.tx.publicsearch.us/doc/288579459
289412172,11/6/2025,01/06/2026,,,,"5154 MAYSPRING, SAN ANTONIO, TX 78217",SAN ANTONIO,78217,29.569688337775,-98.388737135287,Zone E,https://bexar.tx.publicsearch.us/doc/289412172
289414424,11/6/2025,01/06/2026,,,,"10607 REVOLVER TRAIL, HELOTES, TX 78023",HELOTES,10607,,,,https://bexar.tx.publicsearch.us/doc/289414424
289414430,11/6/2025,01/06/2026,,,,"18 LINDEN AVE, SAN ANTONIO, TX 78211",SAN ANTONIO,78211,29.367295132316,-98.520722669708,Zone D,https://bexar.tx.publicsearch.us/doc/289414430
289414425,11/6/2025,01/06/2026,,,,"3819 PALO SOLO, SAN ANTONIO, TX 78223",SAN ANTONIO,78223,29.351135576242,-98.420829723119,Zone R,https://bexar.tx.publicsearch.us/doc/289414425
289414438,11/6/2025,01/06/2026,,,,"7462 RADFORD TRL, SAN ANTONIO, TX 78244",SAN ANTONIO,78244,29.506606081414,-98.331560330074,Zone C,https://bexar.tx.publicsearch.us/doc/289414438
288579458,10/30/2025,01/06/2026,,,,"4607 CROPLAND WAY, SAN ANTONIO, TX 78253",SAN ANTONIO,78253,,,,https://bexar.tx.publicsearch.us/doc/288579458
288575034,10/30/2025,01/06/2026,,,,"9208 BOWEN DR, SAN ANTONIO, TX 78250",SAN ANTONIO,78250,29.515840442759,-98.675739240632,Zone B,https://bexar.tx.publicsearch.us/doc/288575034
288575033,10/30/2025,01/06/2026,,,,"8710 HAMER RANCH, SAN ANTONIO, TX 78254",SAN ANTONIO,78254,29.524214687552,-98.764818269951,Zone B,https://bexar.tx.publicsearch.us/doc/288575033
289417823,11/6/2025,01/06/2026,,,,"4142 MESA CV, SAN ANTONIO, TX 78237",SAN ANTONIO,78237,,,,https://bexar.tx.publicsearch.us/doc/289417823
288579458,10/30/2025,01/06/2026,,,,"4607 CROPLAND WAY, SAN ANTONIO, TX 78253",SAN ANTONIO,78253,,,,https://bexar.tx.publicsearch.us/doc/288579458
288575034,10/30/2025,01/06/2026,,,,"9208 BOWEN DR, SAN ANTONIO, TX 78250",SAN ANTONIO,78250,29.515840442759,-98.675739240632,Zone B,https://bexar.tx.publicsearch.us/doc/288575034
288575033,10/30/2025,01/06/2026,,,,"8710 HAMER RANCH, SAN ANTONIO, TX 78254",SAN ANTONIO,78254,29.524214687552,-98.764818269951,Zone B,https://bexar.tx.publicsearch.us/doc/288575033
289414403,11/6/2025,01/06/2026,,,,"3447 REDBUD GRV, SAN ANTONIO, TX 78264",SAN ANTONIO,78264,,,,https://bexar.tx.publicsearch.us/doc/289414403
289412177,11/6/2025,01/06/2026,,,,"15610 SMOKY HONEYEATER, SAN ANTONIO, TX 78253",SAN ANTONIO,15610,,,,https://bexar.tx.publicsearch.us/doc/289412177
289581175,11/20/2025,01/06/2026,,,,"5702 WOODGREEN, SAN ANTONIO, TX 78218",SAN ANTONIO,78218,29.479172754089,-98.385545697936,Zone C,https://bexar.tx.publicsearch.us/doc/289581175
289581189,11/20/2025,01/06/2026,,,,"3510 GLACIER LK, SAN ANTONIO, TX 78222",SAN ANTONIO,78222,29.381815629806,-98.370850560525,Zone I,https://bexar.tx.publicsearch.us/doc/289581189
289577793,11/20/2025,01/06/2026,,,,"21011 LA PENA DR, SAN ANTONIO, TX 78258",SAN ANTONIO,21011,29.635811816431,-98.49083155296,Zone J,https://bexar.tx.publicsearch.us/doc/289577793
289581185,11/20/2025,01/06/2026,,,,"14109 MAY MIST, SAN ANTONIO, TX 78253",SAN ANTONIO,14109,,,,https://bexar.tx.publicsearch.us/doc/289581185
289581181,11/20/2025,01/06/2026,,,,"5495 RUE GIRARD, CONVERSE, TX 78109",CONVERSE,78109,,,,https://bexar.tx.publicsearch.us/doc/289581181
289581174,11/20/2025,01/06/2026,,,,"11518 HANSONS FOREST, SCHERTZ, TX 78154",SCHERTZ,11518,29.529281827335,-98.256365958838,Zone V,https://bexar.tx.publicsearch.us/doc/289581174
289577798,11/20/2025,01/06/2026,,,,"17015 BARKER PATH, SAN ANTONIO, TX 78247",SAN ANTONIO,17015,,,,https://bexar.tx.publicsearch.us/doc/289577798
289581196,11/20/2025,01/06/2026,,,,"8319 SWEET MAIDEN ST, SAN ANTONIO, TX 78242",SAN ANTONIO,78242,29.344843633021,-98.600000697802,Zone H,https://bexar.tx.publicsearch.us/doc/289581196
289637473,11/25/2025,01/06/2026,,,,"423 BARRETT PL, SAN ANTONIO, TX 78225",SAN ANTONIO,78225,29.394830610254,-98.524476598696,Zone D,https://bexar.tx.publicsearch.us/doc/289637473
289637482,11/25/2025,01/06/2026,,,,"210 W MAGNOLIA AVE, SAN ANTONIO, TX 78212",SAN ANTONIO,78212,29.454769848331,-98.495784147155,Zone D,https://bexar.tx.publicsearch.us/doc/289637482
289637461,11/25/2025,01/06/2026,,,,"3116 PENCIL CHOLLA, SCHERTZ, TX 78154",SCHERTZ,78154,29.518740228008,-98.249352625666,Zone V,https://bexar.tx.publicsearch.us/doc/289637461
289637474,11/25/2025,01/06/2026,,,,"15223 COMANCHE WOLF, SAN ANTONIO, TX 78233",SAN ANTONIO,15223,,,,https://bexar.tx.publicsearch.us/doc/289637474
289637459,11/25/2025,01/06/2026,,,,"1114 AIDENBAUM, SAN ANTONIO, TX 78260",SAN ANTONIO,78260,,,,https://bexar.tx.publicsearch.us/doc/289637459
289642144,11/25/2025,01/06/2026,,,,"3426 CHATEAU DR, SAN ANTONIO, TX 78219",SAN ANTONIO,78219,29.440005641807,-98.430989548298,Zone D,https://bexar.tx.publicsearch.us/doc/289642144
289642139,11/25/2025,01/06/2026,,,,"7123 LUNAR ECLIPSE, CONVERSE, TX 78109",CONVERSE,78109,,,,https://bexar.tx.publicsearch.us/doc/289642139
289581463,11/20/2025,01/06/2026,,,,"25502 GOLD YARROW, SAN ANTONIO, TX 78260",SAN ANTONIO,25502,29.680083629632,-98.468235553091,Zone U,https://bexar.tx.publicsearch.us/doc/289581463
289581468,11/20/2025,01/06/2026,,,,"14411 PERCHIN ST, SAN ANTONIO, TX 78247",SAN ANTONIO,14411,29.572600108002,-98.386538219769,Zone E,https://bexar.tx.publicsearch.us/doc/289581468
289637481,11/25/2025,01/06/2026,,,,"16050 WALNUT CREEK DR, SAN ANTONIO, TX 78247",SAN ANTONIO,16050,29.595651332547,-98.403665508867,Zone E,https://bexar.tx.publicsearch.us/doc/289637481
289691236,12/2/2025,01/06/2026,,,,"23003 WHITE HICKORY, ELMENDORF, TX 78112",ELMENDORF,23003,29.182279867781,-98.395728121719,Zone K,https://bexar.tx.publicsearch.us/doc/289691236
290036363,12/16/2025,01/06/2026,,,,"202 POPPY ST, SAN ANTONIO, TX 78203",SAN ANTONIO,78203,29.412049312155,-98.451204765618,Zone D,https://bexar.tx.publicsearch.us/doc/290036363
290032932,12/16/2025,01/06/2026,,,,"1204 W KINGS HWY, SAN ANTONIO, TX 78201",SAN ANTONIO,78201,29.459577787077,-98.513948599996,Zone D,https://bexar.tx.publicsearch.us/doc/290032932
290030773,12/16/2025,01/06/2026,,,,"7515 ROMAIRE RUN, SAN ANTONIO, TX 78252",SAN ANTONIO,78252,,,,https://bexar.tx.publicsearch.us/doc/290030773
290003753,12/15/2025,01/06/2026,,,,"5408 S FLORES ST, SAN ANTONIO, TX 78214",SAN ANTONIO,78214,29.371721916805,-98.497214170563,Zone D,https://bexar.tx.publicsearch.us/doc/290003753
289997811,12/12/2025,01/06/2026,,,,"2326 HICKORY WAY, SAN ANTONIO, TX 78264",SAN ANTONIO,78264,29.176550771977,-98.456461702543,Zone M,https://bexar.tx.publicsearch.us/doc/289997811
290016222,12/15/2025,01/06/2026,,,,"10019 BLUELAKE RIDGE DR, CONVERSE, TX 78109",CONVERSE,10019,29.533259218539,-98.344455900372,Zone C,https://bexar.tx.publicsearch.us/doc/290016222
290014356,12/15/2025,01/06/2026,,,,"123 HOOVER AVE, SAN ANTONIO, TX 78225",SAN ANTONIO,78225,29.384699073662,-98.520178320977,Zone D,https://bexar.tx.publicsearch.us/doc/290014356
290016206,12/15/2025,01/06/2026,,,,"1231 MCKINLEY AVE, SAN ANTONIO, TX 78210",SAN ANTONIO,78210,29.392105426116,-98.467045595663,Zone D,https://bexar.tx.publicsearch.us/doc/290016206
290016210,12/15/2025,01/06/2026,,,,"305 S SAN AUGUSTINE, SAN ANTONIO, TX 78237",SAN ANTONIO,78237,29.42783932513,-98.55537710317,Zone D,https://bexar.tx.publicsearch.us/doc/290016210
290016205,12/15/2025,01/06/2026,,,,"5918 CENTURY DR, SAN ANTONIO, TX 78242",SAN ANTONIO,78242,29.373133408407,-98.610877927305,Zone H,https://bexar.tx.publicsearch.us/doc/290016205
290030774,12/16/2025,01/06/2026,,,,"7014 QUANTUM LOOP, SAN ANTONIO, TX 78252",SAN ANTONIO,78252,,,,https://bexar.tx.publicsearch.us/doc/290030774
290030778,12/16/2025,01/06/2026,,,,"202 LANARK DR, SAN ANTONIO, TX 78218",SAN ANTONIO,78218,29.503251662534,-98.414566668282,Zone C,https://bexar.tx.publicsearch.us/doc/290030778
290012450,12/15/2025,01/06/2026,,,,"4106 WILD FOX, ELMENDORF, TX 78112",ELMENDORF,78112,29.180888536275,-98.411962061721,Zone K,https://bexar.tx.publicsearch.us/doc/290012450
290012452,12/15/2025,01/06/2026,,,,"TED WILLIAMS RD, ATASCOSA, TX 78002",ATASCOSA,78002,,,,https://bexar.tx.publicsearch.us/doc/290012452
289456912,11/10/2025,01/06/2026,,,,"6119 AMHERST BAY, SAN ANTONIO, TX 78249",SAN ANTONIO,78249,29.567742247458,-98.60695743604,Zone N,https://bexar.tx.publicsearch.us/doc/289456912
289456935,11/10/2025,01/06/2026,,,,"1410 HUMMINGBIRD, SAN ANTONIO, TX 78245",SAN ANTONIO,78245,29.419762417471,-98.713658786861,Zone F,https://bexar.tx.publicsearch.us/doc/289456935
289456924,11/10/2025,01/06/2026,,,,"4543 ZOE PASS, SAN ANTONIO, TX 78222",SAN ANTONIO,78222,,,,https://bexar.tx.publicsearch.us/doc/289456924
289412172,11/6/2025,01/06/2026,,,,"5154 MAYSPRING, SAN ANTONIO, TX 78217",SAN ANTONIO,78217,29.569688337775,-98.388737135287,Zone E,https://bexar.tx.publicsearch.us/doc/289412172
289495641,11/13/2025,01/06/2026,,,,"10814 SHETLAND HLS, SAN ANTONIO, TX 78254",SAN ANTONIO,10814,29.537498484483,-98.704918831927,Zone B,https://bexar.tx.publicsearch.us/doc/289495641
289486712,11/13/2025,01/06/2026,,,,"214 CAMEO AVE, SAN ANTONIO, TX 78214",SAN ANTONIO,78214,29.375205443274,-98.510445279272,Zone D,https://bexar.tx.publicsearch.us/doc/289486712
289495653,11/13/2025,01/06/2026,,,,"603 EUCLID, SAN ANTONIO, TX 78212",SAN ANTONIO,78212,29.436004610452,-98.498182007614,Zone D,https://bexar.tx.publicsearch.us/doc/289495653
289495646,11/13/2025,01/06/2026,,,,"7507 SWEET VALLEY ST, SAN ANTONIO, TX 78242",SAN ANTONIO,78242,29.349706235246,-98.61379570859,Zone H,https://bexar.tx.publicsearch.us/doc/289495646
289495635,11/13/2025,01/06/2026,,,,"9451 COPPER MIST, CONVERSE, TX 78109",CONVERSE,78109,29.502427476474,-98.29726988519,Zone C,https://bexar.tx.publicsearch.us/doc/289495635
289456925,11/10/2025,01/06/2026,,,,"11839 PARLIAMENT ST, SAN ANTONIO, TX 78216",SAN ANTONIO,11839,29.549400675675,-98.509190569847,Zone D,https://bexar.tx.publicsearch.us/doc/289456925
289511307,11/14/2025,01/06/2026,,,,"13511 VALLEY LAKE, SAN ANTONIO, TX 78254",SAN ANTONIO,13511,,,,https://bexar.tx.publicsearch.us/doc/289511307
289495645,11/13/2025,01/06/2026,,,,"238 POOL DR, SAN ANTONIO, TX 78223",SAN ANTONIO,78223,29.370690689515,-98.439654939865,Zone R,https://bexar.tx.publicsearch.us/doc/289495645
289495638,11/13/2025,01/06/2026,,,,"106 STONE HILL DR, SAN ANTONIO, TX 78258",SAN ANTONIO,78258,29.623230817256,-98.505949497741,Zone J,https://bexar.tx.publicsearch.us/doc/289495638
289495634,11/13/2025,01/06/2026,,,,"1402 MARDELL ST, SAN ANTONIO, TX 78201",SAN ANTONIO,78201,29.484228554021,-98.516985297397,Zone D,https://bexar.tx.publicsearch.us/doc/289495634
289495639,11/13/2025,01/06/2026,,,,"9547 SANDY RIDGE WAY, SAN ANTONIO, TX 78239",SAN ANTONIO,78239,29.525058400628,-98.348050131307,Zone C,https://bexar.tx.publicsearch.us/doc/289495639
289495647,11/13/2025,01/06/2026,,,,"3703 PIPERS FIELD, SAN ANTONIO, TX 78251",SAN ANTONIO,78251,29.47063570463,-98.645638721512,Zone B,https://bexar.tx.publicsearch.us/doc/289495647
289495651,11/13/2025,01/06/2026,,,,"3520 UNDER PAR, SAN ANTONIO, TX 78245",SAN ANTONIO,78245,,,,https://bexar.tx.publicsearch.us/doc/289495651
289724933,12/4/2025,01/06/2026,,,,"4614 CAMBRAY DR, SAN ANTONIO, TX 78229",SAN ANTONIO,78229,29.493923108303,-98.576226841119,Zone D,https://bexar.tx.publicsearch.us/doc/289724933
289724929,12/4/2025,01/06/2026,,,,"114 YALE AVE, SAN ANTONIO, TX 78201",SAN ANTONIO,78201,29.446379955685,-98.511278117279,Zone D,https://bexar.tx.publicsearch.us/doc/289724929
289962197,12/11/2025,01/06/2026,,,,"7526 APPLE VALLEY DR, SAN ANTONIO, TX 78242",SAN ANTONIO,78242,29.34881495281,-98.621930167743,Zone H,https://bexar.tx.publicsearch.us/doc/289962197
289963738,12/11/2025,01/06/2026,,,,"8819 FIVE PALMS DR, SAN ANTONIO, TX 78242",SAN ANTONIO,78242,29.342261303006,-98.60745348734,Zone H,https://bexar.tx.publicsearch.us/doc/289963738
289724946,12/4/2025,01/06/2026,,,,"1310 BARTON CREEK, SAN ANTONIO, TX 78258",SAN ANTONIO,78258,29.615433805301,-98.514660777788,Zone J,https://bexar.tx.publicsearch.us/doc/289724946
289784222,12/9/2025,01/06/2026,,,,"11501 BRAESVIEW, SAN ANTONIO, TX 78213",SAN ANTONIO,11501,29.545850979813,-98.527873609519,Zone D,https://bexar.tx.publicsearch.us/doc/289784222
289725430,12/4/2025,01/06/2026,,,,"14026 ROLLER MLS, SAN ANTONIO, TX 78245",SAN ANTONIO,14026,,,,https://bexar.tx.publicsearch.us/doc/289725430
289886691,12/10/2025,01/06/2026,,,,"9007 PHOENIX PARK, CONVERSE, TX 78109",CONVERSE,78109,29.469219872677,-98.31044916871,Zone C,https://bexar.tx.publicsearch.us/doc/289886691
289741173,12/5/2025,01/06/2026,,,,"3335 TREE GROVE, SAN ANTONIO, TX 78247",SAN ANTONIO,78247,29.570826486348,-98.428308602752,Zone E,https://bexar.tx.publicsearch.us/doc/289741173
289724951,12/4/2025,01/06/2026,,,,"206 PLAINVIEW DR, SAN ANTONIO, TX 78228",SAN ANTONIO,78228,29.44689041165,-98.567688792585,Zone D,https://bexar.tx.publicsearch.us/doc/289724951
289725425,12/4/2025,01/06/2026,,,,"9139 LYTLE AVE, SAN ANTONIO, TX 78224",SAN ANTONIO,78224,29.331931890381,-98.541648240173,Zone D,https://bexar.tx.publicsearch.us/doc/289725425
289724944,12/4/2025,01/06/2026,,,,"6615 LAKE CLIFF ST, SAN ANTONIO, TX 78244",SAN ANTONIO,78244,29.476013464581,-98.35794872866,Zone C,https://bexar.tx.publicsearch.us/doc/289724944
289977245,12/11/2025,01/06/2026,,,,"639 WESTFALL AVE, SAN ANTONIO, TX 78210",SAN ANTONIO,78210,29.402902819741,-98.466875241757,Zone D,https://bexar.tx.publicsearch.us/doc/289977245
289977275,12/11/2025,01/06/2026,,,,"7714 BIT CIR, ELMENDORF, TX 78112",ELMENDORF,78112,29.276729778579,-98.337953749271,Zone S,https://bexar.tx.publicsearch.us/doc/289977275
289977266,12/11/2025,01/06/2026,,,,"15115 OAK BRIAR, SAN ANTONIO, TX 78232",SAN ANTONIO,15115,29.574433514998,-98.452209132667,Zone E,https://bexar.tx.publicsearch.us/doc/289977266
289977278,12/11/2025,01/06/2026,,,,"4331 STETSON RUN, SAN ANTONIO, TX 78223",SAN ANTONIO,78223,29.288801505312,-98.403988003236,Zone i,https://bexar.tx.publicsearch.us/doc/289977278
289977251,12/11/2025,01/06/2026,,,,"5104 TUPELO ROW, SAN ANTONIO, TX 78263",SAN ANTONIO,78263,,,,https://bexar.tx.publicsearch.us/doc/289977251
289983933,12/11/2025,01/06/2026,,,,"1838 BUFFALO ST, SAN ANTONIO, TX 78211",SAN ANTONIO,78211,29.371322791556,-98.519740476248,Zone D,https://bexar.tx.publicsearch.us/doc/289983933
289983935,12/11/2025,01/06/2026,,,,"6626 BLEAK HILLS BLVD, SAN ANTONIO, TX 78252",SAN ANTONIO,78252,,,,https://bexar.tx.publicsearch.us/doc/289983935
289983934,12/11/2025,01/06/2026,,,,"5146 GAWAIN DR, SAN ANTONIO, TX 78218",SAN ANTONIO,78218,29.505888661161,-98.389566708336,Zone C,https://bexar.tx.publicsearch.us/doc/289983934
289985390,12/11/2025,01/06/2026,,,,"7924 KENNEDY HILL DR, SAN ANTONIO, TX 78235",SAN ANTONIO,78235,,,,https://bexar.tx.publicsearch.us/doc/289985390
289977256,12/11/2025,01/06/2026,,,,"3134 CANAVERAL DR, SAN ANTONIO, TX 78217",SAN ANTONIO,78217,29.529483166832,-98.436696694896,Zone E,https://bexar.tx.publicsearch.us/doc/289977256
288326671,10/9/2025,01/06/2026,,,,"18610 LUCKEY RD, ATASCOSA, TX 78002",ATASCOSA,18610,29.240743657417,-98.746747510544,Zone j,https://bexar.tx.publicsearch.us/doc/288326671
288326667,10/9/2025,01/06/2026,,,,"5502 WALES ST, SAN ANTONIO, TX 78223",SAN ANTONIO,78223,29.371474091579,-98.431354763856,Zone R,https://bexar.tx.publicsearch.us/doc/288326667
288371310,10/14/2025,01/06/2026,,,,"3431 HEATHER BLF, SAN ANTONIO, TX 78259",SAN ANTONIO,78259,29.641239418831,-98.428343151449,Zone W,https://bexar.tx.publicsearch.us/doc/288371310
288414909,10/16/2025,01/06/2026,,,,"143 BAYVILLE DR, SAN ANTONIO, TX 78226",SAN ANTONIO,78226,29.395504425374,-98.560312166803,Zone D,https://bexar.tx.publicsearch.us/doc/288414909
288493530,10/23/2025,01/06/2026,,,,"5307 FLYING HOOVES, SAN ANTONIO, TX 78222",SAN ANTONIO,78222,,,,https://bexar.tx.publicsearch.us/doc/288493530
288493501,10/23/2025,01/06/2026,,,,"15111 PINTAIL, SAN ANTONIO, TX 78253",SAN ANTONIO,15111,29.439722213558,-98.795361972972,Zone P,https://bexar.tx.publicsearch.us/doc/288493501
288493511,10/23/2025,01/06/2026,,,,"13419 LANDON WAY, SAINT HEDWIG, TX 78152",SAINT HEDWIG,13419,,,,https://bexar.tx.publicsearch.us/doc/288493511
288579454,10/30/2025,01/06/2026,,,,"16602 HUNTING VALLEY ST, SAN ANTONIO, TX 78247",SAN ANTONIO,16602,29.591844162211,-98.36280408935,Zone E,https://bexar.tx.publicsearch.us/doc/288579454
288579452,10/30/2025,01/06/2026,,,,"1807 SANTA BARBARA, SAN ANTONIO, TX 78201",SAN ANTONIO,78201,29.470435264136,-98.524447265991,Zone D,https://bexar.tx.publicsearch.us/doc/288579452
288575035,10/30/2025,01/06/2026,,,,"11731 SPRING LIFE DR, SAN ANTONIO, TX 78249",SAN ANTONIO,11731,29.554635607314,-98.623644400795,Zone N,https://bexar.tx.publicsearch.us/doc/288575035
288579453,10/30/2025,01/06/2026,,,,"5415 OX BOW, SAN ANTONIO, TX 78228",SAN ANTONIO,78228,29.466003490937,-98.592839440679,Zone D,https://bexar.tx.publicsearch.us/doc/288579453
289414412,11/6/2025,01/06/2026,,,,"6831 LOMA BLANCA, SAN ANTONIO, TX 78233",SAN ANTONIO,78233,29.563369559642,-98.354060862252,Zone C,https://bexar.tx.publicsearch.us/doc/289414412
289412174,11/6/2025,01/06/2026,,,,"6437 KINGSLEY EDGE, SAN ANTONIO, TX 78252",SAN ANTONIO,78252,,,,https://bexar.tx.publicsearch.us/doc/289412174
289414419,11/6/2025,01/06/2026,,,,"9122 MARE COUNTRY, SAN ANTONIO, TX 78254",SAN ANTONIO,78254,29.525972884963,-98.707478402078,Zone B,https://bexar.tx.publicsearch.us/doc/289414419
289414415,11/6/2025,01/06/2026,,,,"622 SENISA DR, SAN ANTONIO, TX 78228",SAN ANTONIO,78228,29.462665818059,-98.556581565,Zone D,https://bexar.tx.publicsearch.us/doc/289414415
289414413,11/6/2025,01/06/2026,,,,"9318 GRAND CEDAR, HELOTES, TX 78023",HELOTES,78023,29.56219265964,-98.668030303816,Zone k,https://bexar.tx.publicsearch.us/doc/289414413
289414435,11/6/2025,01/06/2026,,,,"312 LEIGH ST, SAN ANTONIO, TX 78210",SAN ANTONIO,78210,29.412327062699,-98.485517934327,Zone D,https://bexar.tx.publicsearch.us/doc/289414435
289414437,11/6/2025,01/06/2026,,,,"503 RASA DR, SAN ANTONIO, TX 78227",SAN ANTONIO,78227,29.405410643359,-98.660063986234,Zone F,https://bexar.tx.publicsearch.us/doc/289414437
289495631,11/13/2025,01/06/2026,,,,"543 DRAKE AVE, SAN ANTONIO, TX 78204",SAN ANTONIO,78204,29.400138111157,-98.521793004907,Zone D,https://bexar.tx.publicsearch.us/doc/289495631
289494100,11/13/2025,01/06/2026,,,,"10642 ARABIAN SANDS, SAN ANTONIO, TX 78254",SAN ANTONIO,10642,29.533402948002,-98.7020290987,Zone B,https://bexar.tx.publicsearch.us/doc/289494100
289486715,11/13/2025,01/06/2026,,,,"5814 MONICA PL, SAN ANTONIO, TX 78228",SAN ANTONIO,78228,29.451963936967,-98.600588003413,Zone D,https://bexar.tx.publicsearch.us/doc/289486715
289486716,11/13/2025,01/06/2026,,,,"110 PIEGAN ST, SAN ANTONIO, TX 78207",SAN ANTONIO,78207,29.414133596897,-98.546019454405,Zone D,https://bexar.tx.publicsearch.us/doc/289486716
289486711,11/13/2025,01/06/2026,,,,"124 WAGON TRAIL RD, SAN ANTONIO, TX 78231",SAN ANTONIO,78231,29.592252034026,-98.557361118143,Zone l,https://bexar.tx.publicsearch.us/doc/289486711
289486713,11/13/2025,01/06/2026,,,,"7111 ANDTREE BLVD, SAN ANTONIO, TX 78250",SAN ANTONIO,78250,29.505421017221,-98.666393611642,Zone B,https://bexar.tx.publicsearch.us/doc/289486713
289495633,11/13/2025,01/06/2026,,,,"2406 LEE HALL, SAN ANTONIO, TX 78201",SAN ANTONIO,78201,29.476152671928,-98.533644807614,Zone D,https://bexar.tx.publicsearch.us/doc/289495633
289495632,11/13/2025,01/06/2026,,,,"403 E DREXEL AVE, SAN ANTONIO, TX 78210",SAN ANTONIO,78210,29.400622275956,-98.467696887907,Zone D,https://bexar.tx.publicsearch.us/doc/289495632
289495648,11/13/2025,01/06/2026,,,,"1438 W MALONE AVE, SAN ANTONIO, TX 78225",SAN ANTONIO,78225,29.387751577487,-98.530632292938,Zone D,https://bexar.tx.publicsearch.us/doc/289495648
289526804,11/17/2025,01/06/2026,,,,"7703 PIPERS HL, SAN ANTONIO, TX 78251",SAN ANTONIO,78251,29.469912891575,-98.642143586881,Zone B,https://bexar.tx.publicsearch.us/doc/289526804
289495649,11/13/2025,01/06/2026,,,,"19126 E BIRDSONG, SAN ANTONIO, TX 78258",SAN ANTONIO,19126,29.622464897193,-98.495182170388,Zone J,https://bexar.tx.publicsearch.us/doc/289495649
289572010,11/19/2025,01/06/2026,,,,"6974 APPLE VALLEY DR, SAN ANTONIO, TX 78242",SAN ANTONIO,78242,29.361379623631,-98.622101679085,Zone H,https://bexar.tx.publicsearch.us/doc/289572010
289581197,11/20/2025,01/06/2026,,,,"123 CEDAR ST, SAN ANTONIO, TX 78210",SAN ANTONIO,78210,29.413658346045,-98.490426869583,Zone D,https://bexar.tx.publicsearch.us/doc/289581197
289581195,11/20/2025,01/06/2026,,,,"227 W GLENVIEW DR, SAN ANTONIO, TX 78228",SAN ANTONIO,78228,29.483743548302,-98.562241748623,Zone D,https://bexar.tx.publicsearch.us/doc/289581195
289581192,11/20/2025,01/06/2026,,,,"7006 SPRING FOREST ST, SAN ANTONIO, TX 78249",SAN ANTONIO,78249,29.550700133114,-98.626902819974,Zone N,https://bexar.tx.publicsearch.us/doc/289581192
289575749,11/20/2025,01/06/2026,,,,"4314 GAMBELS QUAIL, CONVERSE, TX 78109",CONVERSE,78109,29.468704290578,-98.317522229373,Zone C,https://bexar.tx.publicsearch.us/doc/289575749
289577803,11/20/2025,01/06/2026,,,,"5330 CALISTOGA ST, SAN ANTONIO, TX 78228",SAN ANTONIO,78228,29.454114491109,-98.591252397059,Zone D,https://bexar.tx.publicsearch.us/doc/289577803
289577800,11/20/2025,01/06/2026,,,,"10300 QUAIL MEADOW, SAN ANTONIO, TX 78230",SAN ANTONIO,10300,29.540847820357,-98.546447620533,Zone D,https://bexar.tx.publicsearch.us/doc/289577800
289581177,11/20/2025,01/06/2026,,,,"20502 BLUE TRINITY, SAN ANTONIO, TX 78259",SAN ANTONIO,20502,29.63144363013,-98.41210184779,Zone W,https://bexar.tx.publicsearch.us/doc/289581177
289581178,11/20/2025,01/06/2026,,,,"9950 PERMIAN BAY, SAN ANTONIO, TX 78245",SAN ANTONIO,78245,29.409109544002,-98.688511675965,Zone F,https://bexar.tx.publicsearch.us/doc/289581178
289581462,11/20/2025,01/06/2026,,,,"15210 REDBIRD MNR, SAN ANTONIO, TX 78253",SAN ANTONIO,15210,29.428602720869,-98.797973963975,Zone P,https://bexar.tx.publicsearch.us/doc/289581462
289637469,11/25/2025,01/06/2026,,,,"5330 SOUTHAMPTON DR, SAN ANTONIO, TX 78228",SAN ANTONIO,78228,29.463166394495,-98.59118613636,Zone D,https://bexar.tx.publicsearch.us/doc/289637469
289637463,11/25/2025,01/06/2026,,,,"7739 DASHWOOD, SAN ANTONIO, TX 78240",SAN ANTONIO,78240,29.505213208051,-98.605971918284,Zone D,https://bexar.tx.publicsearch.us/doc/289637463
289637466,11/25/2025,01/06/2026,,,,"208 RAYBURN DR, SAN ANTONIO, TX 78221",SAN ANTONIO,78221,29.357729673413,-98.505876031519,Zone D,https://bexar.tx.publicsearch.us/doc/289637466
289637470,11/25/2025,01/06/2026,,,,"2440 POTOSI ST, SAN ANTONIO, TX 78207",SAN ANTONIO,78207,29.415034884951,-98.53877265534,Zone D,https://bexar.tx.publicsearch.us/doc/289637470
289642142,11/25/2025,01/06/2026,,,,"6035 WHISPERING LAKE, SAN ANTONIO, TX 78222",SAN ANTONIO,78222,29.383711276106,-98.373414721405,Zone I,https://bexar.tx.publicsearch.us/doc/289642142
289642141,11/25/2025,01/06/2026,,,,"30 AMBER FRST, SAN ANTONIO, TX 78232",SAN ANTONIO,78232,29.59838007195,-98.475771285974,Zone T,https://bexar.tx.publicsearch.us/doc/289642141
289628102,11/25/2025,01/06/2026,,,,"9210 HAVELOCK ST, SAN ANTONIO, TX 78254",SAN ANTONIO,78254,29.528609585502,-98.660495683014,Zone B,https://bexar.tx.publicsearch.us/doc/289628102
289701851,12/3/2025,01/06/2026,,,,"17540 BLANCO RD, SAN ANTONIO, TX 78232",SAN ANTONIO,17540,29.601728185986,-98.507948870033,Zone J,https://bexar.tx.publicsearch.us/doc/289701851
289691238,12/2/2025,01/06/2026,,,,"17503 JUAN CANTU DR, ELMENDORF, TX 78112",ELMENDORF,17503,29.249136297334,-98.340417313167,Zone m,https://bexar.tx.publicsearch.us/doc/289691238
289718099,12/4/2025,01/06/2026,,,,"5018 CINDERELLA LN, SAN ANTONIO, TX 78219",SAN ANTONIO,78219,29.461604874168,-98.393790546113,Zone C,https://bexar.tx.publicsearch.us/doc/289718099
289724949,12/4/2025,01/06/2026,,,,"247 MARMOK AVE, SAN ANTONIO, TX 78220",SAN ANTONIO,78220,29.418655849913,-98.429887624448,Zone D,https://bexar.tx.publicsearch.us/doc/289724949
289867000,12/10/2025,01/06/2026,,,,"840 H ST, SAN ANTONIO, TX 78220",SAN ANTONIO,78220,29.406575181084,-98.433949933867,Zone D,https://bexar.tx.publicsearch.us/doc/289867000
289724930,12/4/2025,01/06/2026,,,,"7906 BELMONT RDG, SCHERTZ, TX 78154",SCHERTZ,78154,29.590707138536,-98.33221440044,Zone Q,https://bexar.tx.publicsearch.us/doc/289724930
289896961,12/10/2025,01/06/2026,,,,"903 COTTONWOOD AVE, SAN ANTONIO, TX 78225",SAN ANTONIO,78225,29.386348280593,-98.521605651722,Zone D,https://bexar.tx.publicsearch.us/doc/289896961
289886694,12/10/2025,01/06/2026,,,,"9107 MIRECOURT, SAN ANTONIO, TX 78250",SAN ANTONIO,78250,29.523964261256,-98.676472120212,Zone B,https://bexar.tx.publicsearch.us/doc/289886694
289962200,12/11/2025,01/06/2026,,,,"3210 SHADY SPRINGS DR, SAN ANTONIO, TX 78230",SAN ANTONIO,78230,29.512282408576,-98.54562272624,Zone D,https://bexar.tx.publicsearch.us/doc/289962200
289963737,12/11/2025,01/06/2026,,,,"254 CARROLL ST, SAN ANTONIO, TX 78225",SAN ANTONIO,78225,29.39205437016,-98.523108918625,Zone D,https://bexar.tx.publicsearch.us/doc/289963737
289963735,12/11/2025,01/06/2026,,,,"4434 AVENIDA PRIMA ST, SAN ANTONIO, TX 78233",SAN ANTONIO,78233,29.545486336289,-98.40484581739,Zone E,https://bexar.tx.publicsearch.us/doc/289963735
289962206,12/11/2025,01/06/2026,,,,"507 ROTARY, SAN ANTONIO, TX 78202",SAN ANTONIO,78202,29.433527563474,-98.445610464581,Zone D,https://bexar.tx.publicsearch.us/doc/289962206
289977287,12/11/2025,01/06/2026,,,,"10511 WELDER OAK, SAN ANTONIO, TX 78223",SAN ANTONIO,10511,29.311943349505,-98.435265122667,Zone n,https://bexar.tx.publicsearch.us/doc/289977287
289977282,12/11/2025,01/06/2026,,,,"118 DAVIS CT, SAN ANTONIO, TX 78209",SAN ANTONIO,78209,29.466612671402,-98.463092149876,Zone o,https://bexar.tx.publicsearch.us/doc/289977282
289977274,12/11/2025,01/06/2026,,,,"127 CONRAD ST, SAN ANTONIO, TX 78210",SAN ANTONIO,78210,29.402739536658,-98.482908417532,Zone D,https://bexar.tx.publicsearch.us/doc/289977274
289995663,12/12/2025,01/06/2026,,,,"6695 LOW BID LN, SAN ANTONIO, TX 78250",SAN ANTONIO,78250,29.494851412668,-98.640313227671,Zone B,https://bexar.tx.publicsearch.us/doc/289995663
289977252,12/11/2025,01/06/2026,,,,"7655 RIMHURST, SAN ANTONIO, TX 78250",SAN ANTONIO,78250,29.51405194533,-98.690268110143,Zone B,https://bexar.tx.publicsearch.us/doc/289977252
290010499,12/15/2025,01/06/2026,,,,"4959 FORTUNA PL, SAN ANTONIO, TX 78237",SAN ANTONIO,78237,29.438492494225,-98.584141980904,Zone D,https://bexar.tx.publicsearch.us/doc/290010499
290009082,12/15/2025,01/06/2026,,,,"111 MOON, SAN ANTONIO, TX 78204",SAN ANTONIO,78204,29.390263602855,-98.499972579208,Zone D,https://bexar.tx.publicsearch.us/doc/290009082
290006237,12/15/2025,01/06/2026,,,,"11415 FORT WYNE DR, SAN ANTONIO, TX 78245",SAN ANTONIO,11415,29.396155889229,-98.697850375541,Zone F,https://bexar.tx.publicsearch.us/doc/290006237
290018626,12/15/2025,01/06/2026,,,,"4172 JUNG RD, SAN ANTONIO, TX 78247",SAN ANTONIO,78247,29.578778606558,-98.41124697312,Zone E,https://bexar.tx.publicsearch.us/doc/290018626
290012087,12/15/2025,01/06/2026,,,,"215 N CENTER ST, SAN ANTONIO, TX 78202",SAN ANTONIO,78202,,,,https://bexar.tx.publicsearch.us/doc/290012087
290016215,12/15/2025,01/06/2026,,,,"10148 SUNSET PL, SAN ANTONIO, TX 78245",SAN ANTONIO,10148,29.406933449429,-98.692142528342,Zone F,https://bexar.tx.publicsearch.us/doc/290016215
290024872,12/16/2025,01/06/2026,,,,"10270 COMMERCE ST, ATASCOSA, TX 78002",ATASCOSA,10270,29.326756749204,-98.694346702131,Zone X,https://bexar.tx.publicsearch.us/doc/290024872
290024096,12/16/2025,01/06/2026,,,,"94 LEWIS ST, SAN ANTONIO, TX 78212",SAN ANTONIO,78212,29.438108808227,-98.49677592879,Zone D,https://bexar.tx.publicsearch.us/doc/290024096
290014352,12/15/2025,01/06/2026,,,,"1743 W FRENCH PL, SAN ANTONIO, TX 78201",SAN ANTONIO,78201,29.451533255431,-98.522855223104,Zone D,https://bexar.tx.publicsearch.us/doc/290014352
290016219,12/15/2025,01/06/2026,,,,"819 N HAMILTON ST, SAN ANTONIO, TX 78207",SAN ANTONIO,78207,29.436418395151,-98.530609717653,Zone D,https://bexar.tx.publicsearch.us/doc/290016219
290012087,12/15/2025,01/06/2026,,,,"215 N CENTER ST, SAN ANTONIO, TX 78202",SAN ANTONIO,78202,,,,https://bexar.tx.publicsearch.us/doc/290012087
290024872,12/16/2025,01/06/2026,,,,"10270 COMMERCE ST, ATASCOSA, TX 78002",ATASCOSA,10270,29.326756749204,-98.694346702131,Zone X,https://bexar.tx.publicsearch.us/doc/290024872
290024873,12/16/2025,01/06/2026,,,,"602 GLADSTONE, SAN ANTONIO, TX 78225",SAN ANTONIO,78225,29.382290799573,-98.515648299331,Zone D,https://bexar.tx.publicsearch.us/doc/290024873
290014347,12/15/2025,01/06/2026,,,,"6459 TAHOKA ST, SAN ANTONIO, TX 78227",SAN ANTONIO,78227,29.409654561886,-98.616438784968,Zone A,https://bexar.tx.publicsearch.us/doc/290014347
290030767,12/16/2025,01/06/2026,,,,"6531 TAHOKA ST, SAN ANTONIO, TX 78227",SAN ANTONIO,78227,29.409658279271,-98.618068012519,Zone A,https://bexar.tx.publicsearch.us/doc/290030767
290030776,12/16/2025,01/06/2026,,,,"127 HAYNES AVE, SAN ANTONIO, TX 78210",SAN ANTONIO,78210,29.398713779842,-98.485270436808,Zone D,https://bexar.tx.publicsearch.us/doc/290030776
290030764,12/16/2025,01/06/2026,,,,"443 MERRY ANN DR, SAN ANTONIO, TX 78223",SAN ANTONIO,78223,29.383321212524,-98.462615893096,Zone D,https://bexar.tx.publicsearch.us/doc/290030764
290027880,12/16/2025,01/06/2026,,,,"1037 RIVER PARK, SAN ANTONIO, TX 78216",SAN ANTONIO,78216,29.575112034397,-98.508776648397,Zone J,https://bexar.tx.publicsearch.us/doc/290027880
290027879,12/16/2025,01/06/2026,,,,"334 BANK ST, SAN ANTONIO, TX 78204",SAN ANTONIO,78204,29.399154114223,-98.496993141068,Zone D,https://bexar.tx.publicsearch.us/doc/290027879
290027347,12/16/2025,01/06/2026,,,,"347 CONCIO ST, SAN ANTONIO, TX 78227",SAN ANTONIO,78227,29.40864399094,-98.659424572413,Zone F,https://bexar.tx.publicsearch.us/doc/290027347
290027349,12/16/2025,01/06/2026,,,,"1325 EDISON DR, SAN ANTONIO, TX 78201",SAN ANTONIO,78201,29.4752682629,-98.516064740116,Zone D,https://bexar.tx.publicsearch.us/doc/290027349
290030761,12/16/2025,01/06/2026,,,,"2606 BIG JOHN DR, SAN ANTONIO, TX 78224",SAN ANTONIO,78224,29.335500700112,-98.548169570581,Zone D,https://bexar.tx.publicsearch.us/doc/290030761
290036757,12/16/2025,01/06/2026,,,,"8475 JOHNSON, SOMERSET, TX 78069",SOMERSET,78069,29.223815259035,-98.664290313451,Zone p,https://bexar.tx.publicsearch.us/doc/290036757
290034777,12/16/2025,01/06/2026,,,,"1621 W WINNIPEG AVE, SAN ANTONIO, TX 78225",SAN ANTONIO,78225,29.386355492277,-98.53338254944,Zone D,https://bexar.tx.publicsearch.us/doc/290034777
290029504,12/16/2025,01/06/2026,,,,"6810 GLENDORA AVE, SAN ANTONIO, TX 78218",SAN ANTONIO,78218,29.49161963685,-98.403024295888,Zone C,https://bexar.tx.publicsearch.us/doc/290029504
290027878,12/16/2025,01/06/2026,,,,"13640 FLOCK PL, SAN ANTONIO, TX 78252",SAN ANTONIO,13640,,,,https://bexar.tx.publicsearch.us/doc/290027878
